Name,Email,Phone,Address
Christopher Rogers,rgutierrez@example.net,443-419-0049x051,"02579 Dawn Cliff
Bryanfurt, NC 74811"
Ian Taylor,iphillips@example.org,001-406-957-8317x2151,"7752 Becker Loaf Apt. 161
New Scottshire, CA 18474"
Joseph Scott,mason57@example.com,+1-449-435-2369,"1340 Jackie Plain Suite 539
Wardtown, SC 20515"
Dr. Scott Swanson MD,tammyriddle@example.com,,"6604 James Glen
Bryanthaven, RI 37399"
Nathan Mendoza,dorseylisa@example.net,874.393.3436,"PSC 1061, Box 3445
APO AA 11149"
Sylvia Cohen,carlaallen@example.com,+1-716-535-6939,"642 Sanchez Plaza
Levymouth, NC 99794"
Joshua Grimes,aprilanderson@example.net,+1-974-541-9692x989,"005 Lyons Mountains Suite 951
New Jamesport, IN 54089"
Scott Hale,,7064493153,"674 Hernandez Knoll
Paigeburgh, TN 79279"
Benjamin Esparza,christopher24@example.com,+1-225-882-9414,"0026 Underwood Glens Suite 841
South Brianachester, WV 30654"
Robert Berger,murrayjacob@example.org,823.382.2949,"91389 Mendoza Ferry
Glassberg, WV 70906"
Nathan Cole,curtisphillip@example.org,,"06478 Dominic Pass
Mcknightmouth, CA 15568"
Amy Lopez,alexanderlogan@example.com,3569616354,"4117 Chavez Ford
Katherineview, GA 99152"
Michael Reeves,oanderson@example.com,+1-283-431-9874,"1554 Willis Drive
East Williamfort, KS 52527"
Holly Green,dmyers@example.org,530-247-8257x8677,"5503 Hinton Terrace Suite 180
Edwardbury, SC 60503"
Dawn White,websterdennis@example.org,001-262-448-9676,"459 Emily Forges Apt. 048
West Timothy, LA 96569"
Valizbam,brentadkins@example.com,(959)755-6704,"8464 Warren Coves
North Jessica, MI 09359"
Chegwmxm,cynthia74@example.net,+1-210-344-1575x7215,"PSC 7733, Box 1139
APO AE 96878"
Brian Tate,delgadorobert@example.org,+1-336-815-1287,"3883 Thomas Court
South Ashley, VA 96642"
Karnxbtu,phillipstravis@example.net,619-260-7258x19343,"44043 Nicholas Meadow Apt. 481
Lake Tinaton, PR 37033"
Emma Lee,catherine17@example.org,+1-789-337-2621x02968,"47435 Anderson Falls
Williamburgh, GA 32110"
Susan Nicholson,bendersteven@example.com,001-798-651-7484x8572,"577 Daniel Squares
Lake Megan, IA 84545"
Kelly Lewis,,321.672.0273,"144 Harrington Mission
Antoniobury, FL 62313"
Nicole Rogers,thomaspaul@example.com,001-473-346-1996,"7547 Andrew Motorway
Martinezview, AL 89583"
Leah Matthews,,(665)839-7636x3328,"90552 Harris Lights
Copelandstad, CT 65026"
Tiffany Miller,yvelez@example.net,,"2491 Kristin Key Suite 236
New Randallshire, TX 09938"
Katherine Alexander,felicia80@example.com,8145481764,
James Montgomery,,001-649-338-2803x734,
John Lam,vasquezstephanie@example.net,+1-328-910-8011,"55957 Ronald Court
South Lorifort, MS 08439"
Geoffrey Miranda DDS,kimberly74@example.com,(737)487-6250x0075,"633 Zimmerman Field
Patelside, MI 66170"
Pamela Sawyer,rjohnson@example.net,710.546.4058x87448,"7964 Williams Grove Suite 358
South Frankville, SC 95926"
Ian Brown,bill58@example.com,(597)923-1391,"7637 Lee Lights Suite 077
Wrightfurt, IA 76288"
Robert Duran,jerry36@example.net,(692)696-3492x899,"390 Brown Dale
Gregoryland, VA 48407"
Whitney Cox,,(680)300-8015,"0637 Gomez Curve
Hollandview, NC 28041"
Alex Hogan,nicole44@example.com,+1-509-784-7049x119,"823 Victoria Rapids Suite 061
Youngmouth, KS 64047"
Arthur Perry,phillipsjoshua@example.com,(550)974-0676x536,"95727 Diana Coves
South Jonathan, VA 78951"
Aimee Davis,haley21@example.com,2873668839,"7527 Taylor Heights
Weissview, AR 41761"
Andrew Browning,bbailey@example.net,001-754-521-5776x0057,"430 Madison Meadows Apt. 687
Brooksfurt, VI 14963"
Jonathan Valenzuela,kimberly17@example.org,450.260.3010x1298,"889 Hunt Stravenue Apt. 882
Yorkton, CO 64500"
Stacy Ramirez,sarah52@example.net,660-668-7683x5182,"55870 Paul Meadows Suite 168
North Kyleport, VA 87668"
Jose Salas,krichardson@example.net,(917)734-7316,
Larry Davis,omorris@example.org,973-490-2641,"114 Barbara Camp Suite 890
Markland, NJ 99859"
Micftqod,gmills@example.net,+1-976-699-5467x031,"54047 Williams Harbors Apt. 656
New Rachel, OK 90723"
Ann Adams,reevespamela@example.com,(942)635-9860x42737,"490 Washington Causeway
Newmanside, PA 12194"
Roberta Walters,kevin31@example.com,477-898-6742,"749 Stefanie Valley
Port Matthew, RI 65488"
Amy Martinez,justinmorales@example.com,(629)545-2647,"628 Steven Center
New Chelseaview, OR 88412"
Kimberly Avila,jordannatasha@example.com,482-226-2932,"9396 Matthew Roads Suite 011
Lake Jamesport, DC 28112"
Richard Hines,ggibson@example.net,2582133261,"37053 Mckee Ridge Suite 429
South Gabrielport, AK 17472"
Daniel Martinez,dbrown@example.org,+1-864-826-8190,"52282 Jennifer Mission Suite 713
Adamhaven, MH 42998"
Brittany Wilson,michael99@example.org,645.648.5001,"179 Brandon Turnpike
Lake Brendashire, CO 58700"
Rose Cooper,jeremy27@example.org,(494)250-4243,"0060 Blake Spring Suite 805
East Sean, SC 61471"
Timothy Harris,,001-202-273-5128x3405,"766 Michael Underpass Suite 817
East Alison, WV 29775"
Michael Carr,jacobbryant@example.org,810.691.7280x32320,"78143 Peterson Parkway
Lake Micheleburgh, ME 26667"
Jason Kim,andradestephen@example.org,545.639.7703x7973,"287 Andrea Meadows Suite 006
Port Ericmouth, OK 68554"
Joseph Sherman,,+1-884-223-6878x013,"0083 Mccoy Estates Apt. 366
Lake Virginia, MH 02978"
Regina Jones,jacob34@example.net,4096009759,"92979 Solomon Run Suite 504
West Joshualand, VA 42402"
Jessica Goodman,waynecox@example.org,(731)323-9147,"9596 Rios Shoal
Johnsonfurt, IL 65337"
Paula Davis,alex01@example.com,001-913-261-8817x58516,"Unit 2281 Box 4257
DPO AE 29420"
Cheryl Livingston,,673.535.7971,"6103 Kim Squares Apt. 788
Michealborough, WA 41964"
Becky Sutton,kiara75@example.com,325.711.8476,
Cory Waters,sherrihernandez@example.org,3282423256,"3475 Rodriguez Mount Apt. 975
South Roy, RI 33197"
Anthony Holden,donald00@example.net,001-636-285-1934x0581,"61004 Christopher Parks Suite 277
Haynesberg, VA 65442"
Emma Richmond,steve79@example.net,4954145957,"5199 Christopher Row Apt. 284
Nathanberg, ID 93983"
Jason Jordan,jeanette75@example.com,(378)361-6937x8515,"553 Carol Mountains
Schmidtborough, KS 83990"
Jody Anderson,robertflowers@example.org,897.679.0981x89137,"Unit 0408 Box 3230
DPO AP 65305"
Julie Simmons,ramseychad@example.net,(678)721-3264x5501,"23759 Sarah Plaza Apt. 466
Maryhaven, ND 71012"
Krista Pham,alyssabaker@example.org,(429)243-5805x4778,"09321 Howard Court Suite 399
Arroyomouth, HI 16374"
William Guerra,dsmith@example.com,001-954-696-8353,"Unit 0560 Box 3265
DPO AA 51565"
Sean Brown,evansmolly@example.net,5817790631,"260 Patel Rapids
Port Jessica, AS 34368"
John Mckinney,,+1-295-710-9032x16651,"396 Ayala Tunnel Apt. 702
West Crystalport, GA 85158"
Phirbgpd,vhenry@example.org,5542038514,"798 Brown Neck Apt. 857
North Paul, MN 72824"
Barry Collins,erik07@example.com,+1-908-620-8095x60067,"2436 Garza Street Apt. 517
Stephentown, NJ 66243"
Jennifer Andrade,,,"60032 Copeland Club
Taylorburgh, VA 54134"
Brandon Perry,alyssataylor@example.org,001-418-547-2322x501,"699 Gates Squares Apt. 979
South Alicia, VT 13725"
Monzkpmj,bartondeanna@example.org,,"03788 Berry Isle
West Jeffrey, ND 93293"
Abigail Mcmillan,twalker@example.com,554-395-5196,"6866 Amy Passage Apt. 315
Rachelhaven, MA 68387"
David Foster,,001-506-219-7369x96140,"62515 Jennifer Harbor
Boltonville, MI 42371"
Patricia Schaefer,watsonmiguel@example.net,,
Tanya Lawrence,emilyjohnson@example.org,001-211-850-1932x393,"0147 Rogers Lake
West Angelaview, PA 29359"
Brian Lewis,murrayjohn@example.net,839.652.8339x8680,"94443 Daniel Village
South Bryanside, OH 33165"
Amber Patrick,daniel79@example.com,,"94273 Roger Garden Apt. 857
Matthewfort, WV 08815"
Charles Butler,mcarey@example.net,,"8967 Thomas Fort Apt. 685
Jacksonshire, NM 04321"
Kristina Savage,carmen77@example.org,989.677.7508x5071,"951 John View
Andrewview, KY 83336"
Jessica Webster,,(431)996-3659x35458,"Unit 0594 Box 1888
DPO AP 87225"
Michelle Gonzalez,theresawagner@example.org,364-955-3505x234,
Mark Potter,harmstrong@example.org,,"7165 Hall Mews Suite 971
Perezport, FL 74487"
James Green,thompsonjennifer@example.net,+1-268-327-2433x2035,
Andrea Welch,riosmichael@example.com,(789)735-9043,"Unit 1740 Box 7757
DPO AP 29338"
Beth Wright,andrea54@example.org,362-330-4198x8378,"262 Jeffrey Glen Apt. 594
Lake Kathyton, FM 63153"
Norzxqww,,+1-334-266-3860x6254,"88723 Jason Orchard Suite 454
Cooperborough, MA 87423"
Troy Sanchez,jamescarroll@example.net,+1-812-835-8169x17775,"243 Zachary Freeway Suite 605
West John, PA 65128"
Laura Carter,brenda71@example.com,743.272.5026,"659 Kari Plains Suite 724
Boyerchester, SC 65154"
Victoria Price,kenneth30@example.com,+1-819-947-7730x62746,"47729 Andrea Isle Suite 175
West Alex, WV 16647"
Michael Peterson,alexanderbailey@example.net,+1-284-760-9456x2567,"9978 Jacob Terrace Suite 932
Michaelmouth, SC 75953"
James Cox,marksrebecca@example.org,,"268 Nicole Crossing Suite 671
Chanmouth, IL 68142"
David Cooley,madeline93@example.org,288.563.8439,"59091 Reed Isle
West Robert, ME 41418"
Christina Montes,jessica95@example.com,7695738933,
Sarah Stone,john38@example.com,805-850-6248x6868,"4655 Angela Neck
Port Graceview, GU 65715"
Jorge Fletcher,imorgan@example.net,2875305309,"7623 Wright Tunnel Apt. 167
East Nicholasville, FM 93600"
Nicholas Watson,cunninghampaul@example.org,584-852-8963x68956,"189 Finley Mountains
Derekmouth, KY 30755"
Edwin Holland,john24@example.org,338-885-1450x33003,"078 Lambert Falls Suite 258
Annafort, VT 95997"
Todd Jacobs,pnelson@example.org,+1-573-359-6639x388,"29253 Parsons Passage Suite 805
South Erictown, UT 81078"
Melnbiie,brenda73@example.org,+1-704-531-6658x31271,"77996 Barnett Circle Suite 104
South Ashleyfurt, ME 58158"
Theresa Harding,kyle51@example.org,001-830-939-6399,"1923 Clarke Neck
Port Meredith, GA 64702"
Raymond Collins,udavis@example.com,978.935.7921x8975,"51255 Daniel Spring
Johnview, CT 83466"
Kylie Johnson,troy14@example.net,001-554-718-2481x596,"892 Bruce Valleys
Ericborough, DC 46743"
Allison Richardson,kerry64@example.net,6479703166,"Unit 2874 Box 3417
DPO AE 61513"
Michael Adams,,+1-730-308-1799x202,"78718 Harris Plain
Port Kevin, KS 48062"
Sharon Austin,williamswanson@example.net,3443690900,"226 Perez Falls Suite 613
Jenniferview, WA 95240"
George David,rbowers@example.net,467-935-4373,"549 Wheeler Vista Apt. 877
Johnsonbury, OR 19336"
Ashley Stone,michelle01@example.com,+1-870-591-1463x2454,"472 Robinson Mills
Besttown, FM 45185"
Haley Martin,,+1-371-626-9670x5971,"USNV Mcdonald
FPO AA 13182"
Stephen Carpenter,aprilmitchell@example.org,+1-475-426-5133x131,"174 Strickland Parks
Deborahton, TX 88610"
Rachel Delgado,debraaguilar@example.net,495-507-5345x5755,"67383 Whitney Squares
Juarezbury, MT 87024"
Elizabeth Perez,caitlinfox@example.com,,"47434 Hunt Glen
North Jessicaberg, IN 85485"
Mary James,bryantkimberly@example.net,,
Laura Mclean,david92@example.org,+1-315-292-6955,"092 Allen Landing Apt. 484
Emilyton, PA 69647"
Gregory Young,robert82@example.net,(527)614-9239x665,"32753 Brian Drive
Mollymouth, AK 18218"
Amy Williamson,melaniebryant@example.com,+1-406-766-7630x5113,"2106 Brown Trafficway Apt. 673
Marcofurt, DC 81758"
Kenmvevw,manuelevans@example.com,+1-727-614-9708,"3932 Jessica Estates Apt. 740
New Jose, DC 53202"
Shelly Le,donnagomez@example.com,673-649-4226,"2102 Carrie Stream
East Katherine, WI 70186"
Joshua Gillespie,michael75@example.org,434.941.4691x22263,"790 Joseph Extensions
Port Catherinestad, WY 82993"
Julia Williams,frankgonzalez@example.com,(952)505-0484,"24875 Kline Island Suite 147
New Danielland, WI 35461"
Connie Andrews,steven93@example.org,(687)413-7130x8977,"8366 Carson Mountain
New Curtis, MI 81268"
Debbie Davis,ostone@example.net,690.273.9914x36993,"1971 Valerie Terrace Apt. 094
Lake Ashleytown, DC 07698"
Lori Jones,cgonzalez@example.net,+1-344-411-1556x89101,"513 Evan Fort Suite 618
Jonesville, NC 95882"
Tanya Christensen,antoniocohen@example.com,001-967-611-0392,"PSC 1618, Box 8949
APO AP 10624"
Amy Jones MD,jtrujillo@example.com,,
Jacob Richardson DDS,david76@example.org,001-357-883-0364,"255 Meyers Island
Carlsonview, FL 79726"
Robert Rios,schultzbrandon@example.net,316.447.3797,
Brian Golden,umendoza@example.net,+1-848-264-3147,"18724 Nicholas Courts Suite 997
Jonesburgh, MP 67684"
Cyntwtmp,christopherlambert@example.net,404.839.4836x90335,"977 Gomez Divide
South Katherine, MA 19697"
Beth Ramirez,jeremycross@example.com,+1-337-971-7142,"215 Oneill Lakes Apt. 744
Joseshire, ID 94831"
Lorraine Rodgers,rodriguezrichard@example.com,+1-907-689-1111x8465,"28551 Stephenson Groves Suite 931
Lake Brian, VI 69775"
Jared Smith,edwinrose@example.net,364-769-1272,"413 Wolf Groves Apt. 880
Reyesfort, MO 47329"
Jeremiah Lee,bnewman@example.net,+1-539-391-6628x616,"080 Hurst Manor
South Austinberg, DC 94072"
Pamela Daniels,ypark@example.com,464-580-2077,"2524 Brown Passage Apt. 172
New Kellystad, VT 73440"
Annijhwx,billywarner@example.net,782.568.0162x40347,"776 Kimberly Falls
West Lisachester, RI 85081"
Michael Morris,wardkelly@example.org,,"25586 Ibarra Shoals Suite 119
Cainhaven, KS 75502"
Brandon Gordon,kaitlyntucker@example.org,822.805.3325,"920 Allen Branch Suite 452
Lake Jacob, TX 99334"
Lisa Mills,martinezmike@example.org,001-306-234-5506,"7217 Jessica Shoals
North Kevinhaven, TX 28183"
Jessica Gomez,corysexton@example.org,409-216-6821x2092,"88238 Deborah Heights Suite 906
North Sheilaborough, VI 56642"
Annncslv,ryanyoung@example.net,716.204.9307,"3921 Rowe Camp
North Daniel, KS 62524"
Blake Kaiser,,,"207 Patricia Springs
Buchananmouth, FM 42394"
Veronica Patterson,wcruz@example.com,(999)354-6778x6043,"883 Alexander Motorway Apt. 039
Lake Amber, GU 71008"
Mrs. Tracey Miller,william61@example.net,904-576-1097,"57882 Carter Club Apt. 726
Clarkborough, OR 02564"
Gregory Sharp,nwarren@example.org,601.843.8088,"6756 Daniel Turnpike
Robertsburgh, ID 45601"
Ray Lam,jasonsanchez@example.org,462-547-2700x650,
Jacob Kelley,,+1-618-449-8914x9690,
Alexis Castro,hbaldwin@example.org,+1-543-707-8173,"Unit 0903 Box 6372
DPO AE 58990"
Jeffrey Robinson,alvaradorenee@example.net,723.663.3519,"PSC 1153, Box 5975
APO AA 87411"
Priscilla Boyer,richard43@example.com,+1-307-502-0533x5517,"51457 Bell Harbors
South Carriestad, SC 80891"
Mark Hopkins,nsmith@example.org,249-407-6031,"886 Gregory Fall Suite 366
Aguilarville, MN 74108"
Justin Smith,theresamiller@example.org,(606)607-8071x2178,"52740 Novak Parks Suite 436
Braymouth, MH 94735"
Brian Lam,smithbrittany@example.com,371.499.1453,"176 David Glen Suite 567
North Eric, PW 25133"
John Peterson,,(322)531-4556x418,"56447 Ramirez Burg Suite 476
West David, PR 71771"
Alicia Cross,amber24@example.org,001-887-715-2887x387,"691 Heather Drive Suite 924
New Ashleymouth, OK 33672"
Tiffany Bonilla,,(972)206-7429x00607,"Unit 8363 Box 4463
DPO AA 87449"
Marissa Krueger,villajeremy@example.org,+1-635-608-9117,"PSC 8446, Box 9841
APO AA 91835"
Erigbluk,,001-620-619-5838x7329,"75399 Pamela Green Suite 549
West Johnshire, PR 78328"
Veronica Miller,davisyolanda@example.com,(451)675-8124x941,
Thomas Alexander,walter63@example.org,+1-617-362-4047,"75413 Christopher Canyon
Hernandezberg, AZ 54800"
Rebecca Shah,vjohnson@example.com,001-448-679-7512x4298,"7134 Eric Key
West Anitabury, PA 46964"
William Ray,adamscynthia@example.net,517.825.9672x73510,"PSC 0379, Box 5336
APO AP 16149"
Victor Oliver,jesse33@example.com,701.458.2698,
Christopher Mitchell,kbishop@example.net,001-274-374-2522x47771,
Micqlhfw,lisa53@example.org,303-290-0750x812,"02424 Lamb Glen
Rodriguezport, IA 85277"
Phillip Delacruz,clarkanthony@example.com,+1-405-546-8889x7610,"693 Price Port
Port Allison, LA 11026"
Kelly Price,bradley42@example.net,,"3462 Riley Fords
New Patrick, KY 98652"
Ryan Jackson,cross@example.net,(924)878-0544,"USNV Thompson
FPO AA 19589"
Timothy Nelson,oscaraustin@example.org,383.986.0845x73663,"014 Russell Mission Suite 539
Connorshire, TN 35586"
Felicia Bass,,+1-220-334-3648,"76697 Laura Viaduct Apt. 218
Sarahmouth, ND 57960"
Chalydba,tmartinez@example.org,2658492171,"11112 Melanie Viaduct
North Claytonview, ND 84319"
Kriyotnz,johnsonlance@example.net,890-872-4071x21490,
Bryan Kane,allison90@example.org,001-910-903-6539x462,"78556 Pamela Turnpike
Thomasport, GU 25246"
Kaitlyn Davis,yjohnson@example.net,(982)555-6621x92650,"586 Kevin Club Suite 905
Smithchester, VI 31390"
Diane Wilson,,+1-510-732-5872,"5710 Rivera Spur Apt. 200
West John, HI 22848"
Brandon Kennedy,pthornton@example.org,942.330.7319x4605,
Marie Bennett,chrisroth@example.org,(244)240-0730x064,"8547 Reynolds Lakes Apt. 785
East Alexismouth, KY 47503"
Samantha Villa,joneskatie@example.com,,"95063 Jennifer Knoll Apt. 636
Tonyport, NH 34697"
Johnny Young,,404.457.6513x627,"962 Greg Fort Apt. 205
Jenkinsfort, WV 19008"
Andrew Shaffer,aflores@example.com,487-721-5353,"0018 Oneill Park Apt. 096
Kellyberg, PW 54825"
Haley Velez,garyrodriguez@example.org,724.753.7605x82798,"Unit 5707 Box 6824
DPO AA 69328"
Vanessa Villegas,samantha14@example.com,(365)287-7431x5174,"394 Bonilla Shoal
North Angietown, AR 68888"
Roberta Gonzalez,ochoaandrew@example.org,(312)462-7035x257,"8125 Margaret View
Timothyhaven, MI 96045"
Thomas Cardenas,mark05@example.net,246-478-0160x866,"755 Myers Court
South Margaretmouth, MS 23182"
Ashley Rodriguez,owenskenneth@example.com,3139066795,"569 Hanson Well
South Ginashire, GU 68500"
Mr. Timothy Garcia MD,sandra76@example.com,+1-711-574-3095x4371,"97473 Alvarez Locks Apt. 106
Lake Mary, WY 06687"
Gregory Zamora,browncatherine@example.net,001-968-942-7832,"525 Carolyn Alley Apt. 603
Leahbury, ID 54960"
Donna Brooks,,(637)762-5361x15413,"4782 Matthews Brook
Christopherton, IN 06418"
Patricia Potter,nicholashenderson@example.com,(924)729-5677x7438,"460 Jacobs Highway Apt. 463
Billhaven, VT 18857"
Bryan Johnson,richardsontimothy@example.com,4989104599,"63292 Mendoza Underpass
Smithtown, ND 64757"
Amabyzqk,cynthiawalsh@example.net,,"2201 Cathy Wall Apt. 633
Ashleyfurt, CT 82413"
Margaret Rose,qpeters@example.org,+1-607-704-7898x3227,
Stephen Marshall,jdavidson@example.com,897-820-1052x08288,"7381 Omar Points Apt. 430
East Carol, VI 89759"
Samantha Davis,jacquelinesims@example.net,+1-912-329-9903x7325,"59388 Sarah Flats
West Lindsey, VA 75293"
Jerome Hood,jacob61@example.net,001-777-851-6587x631,"492 Patel Stream
Johnsonview, MH 54197"
Sonya Garcia,martinezrobert@example.org,9713612247,"9484 Stephen Roads Apt. 510
Larsonmouth, CO 81025"
Andrew Mitchell,michael19@example.com,265.600.5665,"4832 Luna Junction Apt. 936
Meganport, PR 85887"
Craig Boyer,parkerfrank@example.net,,"62928 Brown Row
Lake Anthony, AK 33854"
Sheila Johnson,,,"136 Garcia Mission Apt. 218
Bobbymouth, NE 01667"
Justin Stuart,porteranita@example.org,(323)205-2567x641,"014 Ryan Lane Apt. 893
Devonside, LA 35796"
Susan Gonzalez,michaelortiz@example.net,401-621-4102x597,"16116 Joshua Forest Suite 365
Lake Adrienne, GU 45675"
Tamjqfse,corey02@example.com,(347)409-5391,"405 Jason Crossroad
Wilsonton, NM 21347"
Nathan Ayers,nicolebailey@example.org,001-239-576-9612x7340,"USNV Moss
FPO AE 63148"
Mrs. Ariel Wilson,jacquelineleon@example.com,,"629 David Street
Mcguirechester, PR 88227"
Daniel Murphy,debbiemartin@example.com,+1-757-482-7032,"794 John Mount
New Christina, VI 01978"
Lori Curry,howardcharles@example.com,+1-423-323-8480x04057,
Andrew Harris,gallagherjohn@example.net,954.464.8397x9123,"2996 Jennings Shore Apt. 016
Sandovalville, NY 44510"
Ryaxqdku,,001-758-808-5956x64106,"510 Wright Ford
Fitzgeraldbury, DC 31491"
Christine Roberts,johnhebert@example.org,604-667-6123,"75260 Taylor Drive Suite 777
Port Michaelmouth, WY 28227"
Megan Powell,williamsontimothy@example.com,001-968-324-1923x19976,"8273 Charlotte Mall
West Amy, MI 54146"
Miguel Patterson,veronica45@example.org,497.639.0774x05695,"PSC 9008, Box 8966
APO AA 64383"
Matthew Morrison,lramirez@example.com,2696236255,"078 James Stravenue Suite 316
Adamsburgh, PW 13830"
Jennifer Hernandez,dariusellis@example.org,,"0335 James Landing Apt. 157
Jacobchester, SC 81853"
Samantha Clay,fosteryesenia@example.com,(324)901-2850,"12015 Chan Square
Maynardport, VI 43898"
John Hernandez,treese@example.net,443.933.6367,"346 Welch Manor Apt. 902
Lake Jennifer, MS 86998"
Kenwcebz,kramerdaniel@example.org,+1-688-286-0017x006,"08121 Brown Port Apt. 185
New Michaelmouth, AL 22728"
Billy Fleming,kathleendavis@example.com,(268)648-2918x257,"951 Crystal Dale Suite 163
East Caseyfort, OR 90188"
Joshua Richardson,jessicasimmons@example.net,,"734 Richard Forge
Joshuaport, NH 34712"
Mrs. Amanda Kennedy,larry59@example.com,896-387-3619,"472 French Canyon
Gordonview, NY 14110"
Diane Walker,,496-349-0404,"96450 Ware Gateway
New Marc, PW 89275"
Kara Weber,iproctor@example.com,(236)731-6035x701,"070 Koch Crossroad
Lake Jacob, MD 68652"
Melinda Brown,courtney05@example.org,630-457-9256,"75998 Palmer Stravenue
Mcgrathstad, KY 68537"
Steven Bailey,jeremy99@example.com,887-710-5328x7170,"873 Amanda Ranch Suite 568
Chenhaven, IL 61721"
Rhonda Parker,lmoreno@example.net,001-517-378-3688x3244,"7176 Joshua Road Suite 740
South Debbie, MT 83796"
Katherine Graham,tranjanice@example.net,(657)834-2850,"204 Chapman Knolls Apt. 961
South Jill, DE 04408"
Melinda Johnson,christopher32@example.net,5815991723,"37995 Mallory Isle Suite 954
Catherineland, MP 62528"
Louis Spencer,kevin38@example.com,+1-980-847-7901x25798,"1927 Nicolas Meadows Suite 228
South Johnland, MS 15094"
Jennifer Hall,allenpaula@example.com,001-219-363-6831x9388,
Nicholas Brown,vrichardson@example.net,282-825-1488x363,"528 Andrew Garden
New Davidside, VA 75390"
Rebecca Moore,johnsonjessica@example.net,(251)644-9374x34766,"4211 Sandra Plain
New Kyle, PA 66748"
Michelle Padilla,hjohnson@example.com,(327)815-6318x395,"8161 Lindsey Mount
Port Jacqueline, RI 21837"
Michael Anderson,shortkayla@example.org,+1-532-516-3950x179,"USNS Wade
FPO AE 69509"
Jo Myers,,997.234.8515x44978,"342 Nelson Mission Apt. 233
East Nicholas, LA 97602"
Sampynwd,heathkimberly@example.org,611-211-6696x3286,"USNS Silva
FPO AA 58293"
Monica Clark,scottwheeler@example.org,317-317-4600,"03003 Johns Corner Apt. 818
Haleland, IN 02030"
Gloria Lewis,lsolomon@example.net,(221)329-4304x962,"30967 Angela Mills
New Peterfort, ID 13960"
Christopher Carter,,+1-216-810-2997x8748,"2473 Randall Locks
Kendraland, VA 65013"
Victoria Martin,,799.813.7343,"392 Wolf Ridge
Lake Jonathanbury, ND 69572"
Tammy Webster,,+1-343-939-7824x83821,"09167 David Harbors
Port Alanbury, TN 97591"
Jeffrey Stark,stephenmyers@example.net,3133095211,"25457 Joseph Freeway Apt. 529
South Sherry, UT 78934"
Jordan Hansen,stephenhardin@example.org,3217379597,"135 Emily Track
Nicholasstad, ME 03208"
Eric Rodriguez,,001-285-556-1626,"3675 Craig Alley Suite 276
Port Sheila, OR 32300"
Tanner Ali,michael56@example.com,436.371.3040,"29802 Rachel Gateway
North Ellen, MH 92654"
Jackie Robinson,barbara50@example.org,4992901861,"Unit 3250 Box 1824
DPO AP 28420"
Adrian Hayden,gary04@example.org,(367)869-9793x3858,"168 Johnson Heights Suite 774
West Rayfort, PA 80411"
Phitzopk,stephaniechavez@example.com,,"957 Cruz Summit
North Lucasberg, NM 99927"
Jeremy Lin,jason28@example.org,221.656.1357x9334,"USNS Moore
FPO AE 91510"
Tracy Malone,mariejones@example.net,+1-745-951-4153x988,"2278 Jared Port Suite 996
Dalechester, VI 38806"
Andrew Khan,,,
Carlos Butler,gwhite@example.com,696-656-5949,"984 Meyers Locks
North Bryanhaven, AS 95852"
Gerald Peterson,timothywalker@example.net,564-382-0354x650,"0736 Keith Locks
New Nicholasborough, IN 47874"
Vanessa Roberts,,+1-990-522-0341x9529,"1677 Oconnell Tunnel
Elliottfort, CO 05160"
Stacey Marquez,kevinsnyder@example.org,6364635069,"8221 Barron Corner
Port Robert, WA 33201"
Jessica Jenkins,blakenelson@example.org,+1-652-691-4434x493,"500 Danny Skyway Apt. 754
Mooremouth, KS 44327"
Kaylee Perez,chasewatson@example.net,378.307.7790,"PSC 2976, Box 4370
APO AA 36987"
Tonya Pena,,807-204-4870x4362,"076 Mark Stravenue
Jimmystad, PR 38803"
Kristi Nicholson,shannon55@example.org,001-372-537-8571x3375,"609 Duran Vista Suite 681
North Daniel, AZ 02154"
Mike Castro,joshua32@example.net,001-884-789-1729x86340,"803 May Expressway
Port Johnbury, IN 45778"
Chrntqdc,wilsonchristopher@example.org,875-859-9590x39373,
John Clark,walltammy@example.net,820-769-2636x803,"83353 Jennifer Lodge Apt. 896
Amandastad, NE 66505"
Shawn White,deborah34@example.org,+1-423-760-6522x3395,"PSC 7783, Box 0134
APO AP 40511"
Andrew Oliver,todd90@example.com,702-266-9590,"0412 Gary Corners
New Kylehaven, PA 47933"
Teresa Johnson,johnherrera@example.org,(811)226-1097,"2712 Tommy Plaza Apt. 237
Jacksonmouth, NH 61285"
Richard Lee,lindseyvelez@example.com,965.319.2229,"9548 Richard Terrace Suite 213
Emilyville, GA 85385"
Victoria Cook,crystalgreen@example.net,531-701-6909,"59654 Brandon Plain
Christensenstad, FM 51504"
Mary Graves,john65@example.com,611.821.4643x421,"910 Carey Tunnel Suite 619
Connieside, NM 95887"
Bradley Keith,mwilliams@example.net,+1-937-906-3989x346,"29404 Lewis Parkway
Paulside, WV 80122"
Michael Taylor,valerie61@example.org,374.210.0223x48400,"73151 Jennifer Union Apt. 261
North Janiceside, WA 86842"
David Hartman,tgarcia@example.org,472-448-0560x340,"6581 Molina Drives
North Carlahaven, OH 99666"
Tara Brown,rothwendy@example.net,398.221.4167x20093,"80928 Steven Lake Suite 600
Port Michael, PW 45038"
Savannah Rosales,brianmartinez@example.org,694.782.6910x7401,"4340 Laura Rapid Apt. 950
Ashleyburgh, VA 95417"
Ms.couvp,veronicawilson@example.org,955-827-7523x849,"91641 Edward Valley
Port Joshuaberg, OR 69910"
Amy Ritter,zcoleman@example.net,,"531 Morales Orchard
Sherriton, CO 53612"
Vanessa Adams,claytongolden@example.net,982.626.1692,"1219 Andrew Alley Suite 121
Victoriachester, FM 97825"
Tom Knapp,brendacook@example.net,711.561.8548x50956,"3226 Jerry Lights
South James, AK 97497"
Pamela Ward,gary56@example.org,(971)645-2057x71760,
Kriyerhx,wallacebrenda@example.org,292.514.6307x7671,"679 Nichols Harbors Suite 302
Cherylfort, MD 52339"
Christine Henderson,bethany11@example.com,426.221.6704x3352,"16921 Michele Passage
East Thomas, WA 69711"
Erik Adkins,zbaker@example.com,001-955-766-0159x57145,"USS Harris
FPO AP 54390"
Kelly Sanchez,brownjulie@example.com,550.826.0733,"329 Morrow Canyon
Padillaside, OK 37664"
Lisa Robinson,boydanthony@example.com,2229917081,"91249 Park River
Bretttown, SC 65384"
Natasha Levine,allison98@example.com,3243649407,"7011 Miller Drive
North John, NY 06236"
Diane Carter,martinlarson@example.net,001-210-798-0656x7151,"PSC 2623, Box 1906
APO AP 70542"
Riley Ponce,jenkinskatelyn@example.com,001-580-358-2470,"890 Rowe Squares Apt. 740
South Terriberg, MD 41176"
Vinunpyn,churchbrian@example.net,629.858.6471x4924,"Unit 3187 Box 1178
DPO AA 85644"
Jason Montoya,johnclark@example.com,9774461047,"047 Amy Vista Apt. 217
West Maria, TN 98914"
Kelsey Serrano,nhall@example.com,(542)373-6772,"5619 Lowe Shoals Apt. 956
Brownhaven, KY 30328"
James Lopez,david65@example.net,524.390.1510x114,"USNS Chang
FPO AA 84443"
Thomas Taylor,,001-282-443-9114,"0927 Bryan Course
Smithland, ID 61072"
Dr. Eric Vargas,kellyjavier@example.org,697-562-0597x969,"504 Santos Mills
South Terryview, RI 14709"
Jacqueline Wagner,tnorman@example.net,001-595-758-3481x97206,"063 Robinson Walk
Patriciamouth, ME 30427"
Mr. James Hess,jacksonchristy@example.com,8819682230,"830 Lara Rapids
Herreramouth, WA 25977"
Jennifer Smith,,001-333-821-9297,"23833 Velasquez Fork
East Courtneymouth, IL 17928"
Mallory Flores,nancy68@example.org,+1-304-704-2064x143,
Michael Waller,silvaalyssa@example.net,001-831-631-4027x918,"01248 Lisa Fields Apt. 006
Garrettstad, MS 50406"
Michael Rodriguez,lburns@example.org,241.744.4828x51064,
Heather Alvarado,tommystewart@example.com,395-989-5928x0847,"0262 Arias Lodge
New Hannahport, NV 52828"
Austin Cannon,vberry@example.org,7945570219,"69172 Frank Junctions Apt. 844
Diazberg, AL 07311"
Machoebz,john66@example.com,001-309-438-7429x7034,"4971 Cynthia Burg Apt. 515
Montgomeryshire, OH 46377"
Angela Vasquez,vincentmicheal@example.net,001-753-495-7592x334,"515 Elizabeth Forest
Peterston, VI 61949"
Sheryl Clark,michael68@example.org,633.964.4594x4786,"00525 Patricia Square
East Deniseton, MA 74893"
Kimberly Hill,lindamoreno@example.net,+1-874-280-8697x2064,"PSC 7155, Box 5363
APO AP 06207"
Karen Duffy,meltonjoshua@example.org,,"6816 Adam Pines
South Arielchester, PR 13744"
Allison Garcia,gibsonjerry@example.org,6828692668,"304 Cook Circle Suite 280
Port Heather, AS 32153"
Danielle Gardner,jasonrobbins@example.org,503.661.1437,"45571 Hines Forges Suite 155
Michelleland, FM 89293"
Christopher Bell,danajohnson@example.com,(258)333-9373,"PSC 0600, Box 7174
APO AA 07008"
Eliicknl,angelaanderson@example.net,330.758.8675x95454,"0923 Jose Hollow
Port Cody, LA 01630"
Mary Mcmillan,cwall@example.org,(984)372-2031x8759,"092 Peterson Islands
South Erinchester, NC 77597"
Lorumbey,hsnyder@example.org,+1-711-616-1672x163,"44072 Timothy Square
West Brandonmouth, ND 25817"
Sandra Long,moralesmark@example.org,540-254-9679,"20589 Kristina Pine Apt. 681
Emilystad, ID 72988"
Jorozrsz,davisrebecca@example.net,+1-839-340-4137x650,"Unit 3299 Box 4975
DPO AE 16502"
Steven Barrett,dwells@example.org,460.766.1462x1352,"870 Jimenez Ports
Johnsonshire, AK 87139"
Adam Peters,amber89@example.net,645-898-4099,"5242 Jennifer Roads Apt. 698
Berryhaven, KY 02733"
David Montgomery,amber22@example.com,,
Benjamin Ross,homichael@example.net,(910)883-4906x007,"28335 Gamble Trail Suite 738
Hillstad, MN 46760"
Jeffrey Cohen,shawn31@example.net,001-710-748-5886x3625,"1462 Wilson Streets Apt. 206
New Jamestown, GA 85229"
Michael Floyd,,(666)670-0706,"2838 Joshua Parkway
East Anthonyfort, NE 48232"
Barbara Marshall,psavage@example.net,398-267-8776x7366,"7608 Porter Pine Apt. 040
Lake Micheleview, FL 31889"
Kevin Collier,peter55@example.com,+1-644-525-9426x760,"83075 Peterson Roads
Sharontown, ND 41197"
Gorqjpjb,cody51@example.com,603-374-0467,"279 Hicks Drives Apt. 427
Gamblestad, NJ 22634"
Sara Cohen,michaelwhitehead@example.com,391.698.7824x70798,"713 Baker Grove
North Jonburgh, MI 70879"
Melissa Schneider DVM,simonkaren@example.org,270-485-9960x2059,"USS Bass
FPO AE 61464"
Drew Ford,rstevens@example.net,,"702 King View
Yorkfurt, NH 94458"
Susan Larsen,destiny83@example.net,323-633-6847x908,"358 Lane Locks Suite 036
New Kristenville, HI 95356"
Matthew Maxwell,jesse90@example.net,382.914.7626,"8142 Karina Gateway Suite 419
Langview, IL 92570"
Ashhzrez,davisjessica@example.org,,"3615 Benson Lodge Apt. 689
Bassville, RI 37476"
Jose Ingram,johnsonsusan@example.com,4606601600,"7105 Miguel Viaduct
East Kristen, PR 83054"
Lisa Fritz,jcooper@example.org,235-769-4983x4459,"97027 Ariel Union
Haleberg, PA 81180"
Pamela Brooks,taylor35@example.com,,"3320 Duncan Stravenue
Port Melissa, OK 34427"
Chase Brown,,757-450-2809x872,"202 Davis Motorway Suite 564
Lake Juanport, NV 84432"
Kyle Moore,kmaldonado@example.net,+1-730-469-9910,"56655 Katie Burg Apt. 007
Khanview, ID 88640"
Kevin Williams,combsmelissa@example.org,969.332.6914,"1447 Hall Way Apt. 338
Andreafort, CO 39681"
Jeremy Foster,shelby72@example.net,601-615-2754,"681 Christopher Vista Suite 402
Parkerton, ID 78394"
Maxwell Fisher,brittany30@example.org,(449)781-5104x8230,"43585 Chad Spring Apt. 411
West Sean, UT 80778"
Henry Castillo,ywilson@example.net,(596)504-2680,"463 Michael Terrace Suite 784
Carterborough, CO 66086"
Meagan Sparks,johnsonkyle@example.com,690.728.0002,"38199 Humphrey Greens
Lake Joseph, GU 74524"
Brittany Carter,matthewsmith@example.net,551-687-0045,"140 Thomas Islands Apt. 483
North Chad, DC 75590"
Alexander Williams,tsantos@example.org,+1-576-595-9854x798,"814 Leonard Flats Suite 633
South Anthonyborough, MS 23531"
Lukyezdo,smithdaniel@example.com,001-890-608-3273x37065,"71943 Bell Glen
Brendaland, MA 27043"
Julie Small,kristen46@example.org,+1-527-921-8104x939,"825 Parrish Highway Suite 225
Emilymouth, NE 69871"
Kayla Kennedy,savannah75@example.net,8347045230,"919 Jessica Parks Suite 192
Claytonshire, GA 68250"
Antonio Sanchez,lisameyer@example.com,396.466.1109,"72107 Clark Via Apt. 759
Vegaside, AS 49334"
Alicia Taylor,jessicasaunders@example.net,(401)454-6050x45824,
Heather Wang,jenniferlopez@example.com,8383330125,"161 Clark Drives
Port Mary, ID 78437"
Kenneth Harrison,ruizsylvia@example.com,001-661-918-4768,"0052 Matthew Locks Suite 114
New Daniel, FM 00738"
Jeffrey Palmer,watsonkeith@example.net,739.789.1106x28172,
Eric Medina,aoconnell@example.net,269-304-9950,
Bethany Ramirez,williamsharp@example.org,(380)280-5026x084,"8094 Julie Junction
North Melissaborough, WI 62001"
Jonathan Stewart,sara89@example.net,+1-301-234-5246,"5402 Rodriguez Mission Apt. 292
Port Natalie, FL 68811"
William Massey,dennis47@example.com,001-790-383-9729x9644,"697 Nguyen Camp Apt. 526
Port Jacquelineport, FM 36993"
Lisbaqjj,kimsteven@example.org,+1-731-297-8441,"7177 Walker Rue Apt. 147
Bellton, NH 74964"
Joanna Boone,millerdeborah@example.org,001-360-335-6769x7441,"798 Kevin Plains Apt. 392
East Kristin, WA 28282"
James Maxwell,hmcpherson@example.com,(765)977-1879x4796,"19684 Mckenzie Valleys Suite 786
Juanfurt, VA 33575"
Tony Herrera,vsnyder@example.net,001-491-377-9903x688,"88120 Tammy Vista Suite 002
New Alexa, WA 09830"
Manuel Wilson,lori98@example.com,922-613-0961,
David Mclaughlin,christine18@example.com,+1-769-550-0431x8138,"845 Amanda Tunnel Suite 978
Port Stephanieland, KY 38948"
Regina Foster,laura57@example.org,(562)530-2799,"6217 Vargas Tunnel
Anthonytown, OK 51755"
Shafmkfl,navery@example.net,001-684-329-0379,"986 Reynolds Mountains
Lake Debbieberg, OH 95675"
Curtis Leach,waltonjohn@example.org,(633)612-3567x781,
Jessica Cox,gfletcher@example.org,(313)688-6822x7692,"2256 Porter Manor
Lake Leahville, SD 20429"
Cody Bush,marcusherman@example.com,001-554-936-7578x9027,"6197 Taylor Manors
Pamelafurt, TX 98940"
William Rice,,4442388954,"4622 John Skyway Apt. 717
Lake Tyler, OH 02694"
Marissa Aguilar,jason77@example.net,9939997859,"Unit 5560 Box 4091
DPO AP 19955"
Steven Carey,,,"2574 Hale Terrace
New Jamesfort, IN 63980"
Grevxdrw,jasonblackwell@example.net,431-882-8230,"647 Jeremiah Prairie Suite 221
West Dorothyland, IA 85670"
Adam Watkins,browncraig@example.com,422.442.0929x5943,"74361 Thomas Unions
New Mary, NH 64195"
John Chung,davidlevy@example.com,001-661-669-6293x168,"PSC 8737, Box 8359
APO AA 64555"
Jenpxvob,shanevargas@example.net,001-289-748-3264x8189,"077 Escobar Mission Suite 178
Maldonadostad, PA 71219"
Makayla Hall,,376-690-8322,"50904 Katherine Crescent Suite 240
South Penny, MT 87106"
Michelle Wallace,david92@example.net,845.566.9635,"77587 Crosby Mews Apt. 596
Port Thomasfurt, ID 07171"
Sardabzb,donna20@example.com,(424)467-2257,
Matthew Rice,espinozatim@example.com,+1-427-483-5923x706,"86341 Lindsey Course Suite 344
Port Stacy, KS 63462"
James Bailey,mbird@example.org,4879701543,"71116 Andrea Ford Suite 612
Danielston, CT 10000"
Caroline Miller,vesparza@example.net,7545792873,"4089 Brewer Curve Suite 892
East Derrickmouth, PR 95763"
Russell Schneider,tskinner@example.org,(960)203-5183,"206 Scott Knolls
East Davidhaven, DC 19871"
Michelle Jones,abest@example.org,(772)324-9803x50336,"Unit 9753 Box 9621
DPO AP 39618"
Bethany Wu,cheryl65@example.com,8823910996,"7272 Alyssa Courts Apt. 272
Port David, UT 19422"
Lindsay Bernard,donaldhughes@example.net,843-632-5741,"84818 Smith Stravenue Apt. 843
Andreabury, SC 69054"
Aaron Mora,smithbobby@example.net,,"176 Shannon Knolls Suite 457
West Rachel, AS 55321"
Linda Campos,revans@example.net,(775)262-4417,"36862 Candace Forges Suite 633
Jeffreyville, FM 90501"
Cynthia Jennings,caitlinsmith@example.net,445-855-9429x45293,"50477 Smith Gardens
New Stevenmouth, LA 73872"
Michael Mason,hpatterson@example.com,298.205.9122,"514 Melinda Union Apt. 741
Whitestad, ME 93027"
Rhonda Brown,thomas04@example.net,873-251-1664,
Ana Chase,michaeljuarez@example.com,814.746.8118x6944,"10389 Hart Haven Apt. 721
Brandishire, KY 69262"
Heidi Wood,,458-734-9380x3028,"08664 Amanda Isle Suite 754
Lake Alexandra, NM 33731"
Bryce Patrick,robertjohnson@example.net,+1-915-710-9232x18467,"502 Murphy Squares
Cynthiashire, MS 82651"
Jennifer Obrien,breanna77@example.org,(865)962-2294,"393 Anna Ports
Robertshire, NY 14246"
Starqyce,peterslauren@example.com,001-361-456-6372x5571,"PSC 0667, Box 4079
APO AE 10967"
John Peterson,roachkendra@example.org,732-983-2364x9733,"27151 Lindsay Ford
Fieldstown, SD 31163"
Keith Moore,deanna20@example.com,(345)729-1810x319,"291 Smith Mills Suite 023
Lake Ashlee, MO 48208"
Matthew Coleman,parkerelizabeth@example.com,(776)806-3729x31684,"1069 Alyssa Oval
Mckenziefort, FM 07654"
Debra Carlson,mbenitez@example.com,583.980.5093x619,"5102 Mason Mountain Apt. 963
South Tinaburgh, NY 92352"
Ashley Miller,hansonbrian@example.com,(750)911-5209x4323,"75376 Timothy Crossing
Allenhaven, WI 28536"
Dalmyhot,perezpatricia@example.org,+1-715-343-2951x2848,
Brian Sawyer,barronscott@example.net,(449)221-7862x6770,"852 Ramos Rest
Mariashire, DC 58750"
Stephen King,grahamrobert@example.org,,"0155 Garcia Mission Suite 552
Port Jamesland, AK 25486"
Joann Schultz,haleerin@example.net,579.503.4359,"PSC 6714, Box 6117
APO AE 48777"
Lisa Rush,ykennedy@example.org,001-985-313-4659x74982,"50896 Jordan Coves Apt. 090
Miguelland, DE 21848"
Adrian Castillo,kellysmith@example.net,307-640-2288,"USS Howe
FPO AA 72126"
Maria Johnson,andrea57@example.org,6753299671,"906 Rodriguez Parkway Apt. 868
Reyesville, NM 21856"
Amanda Hill,deborah85@example.org,001-448-336-5925x8752,"21573 Mann Cove
South Edward, MO 56521"
Karen Gordon,coxchad@example.com,001-840-602-7994,"47575 Cody Brook
West Danielshire, IA 68791"
Rebecca Dyer,kathyburton@example.net,3775010654,"73436 Laura Lights Suite 261
Larsonchester, OR 06763"
Garyiwej,,+1-916-269-5796x2788,"40853 Reed Courts
Lake Christina, KS 92572"
Katrina Becker,lpalmer@example.net,001-799-820-6948,"608 Jocelyn Square
Port Williamfort, TN 76720"
Samantha Jones,cory59@example.com,2182498827,"800 Jordan Lakes Apt. 476
Port Tinabury, ME 82025"
Ronald Hatfield,erichernandez@example.net,5076566683,
Vermxtid,henry74@example.org,+1-448-791-2184,"Unit 8474 Box 4486
DPO AP 38418"
Larry Bailey,millerlori@example.com,284-899-5346x82253,
Stephen Cruz,washingtonannette@example.org,001-967-225-1702x9774,"USCGC Brewer
FPO AE 99113"
David Buckley,jessica04@example.org,,"5107 Jason Fork Apt. 866
Alexandrachester, MP 68245"
Hannah Walker,mgreer@example.net,780-944-6572x471,"53932 Navarro Island Suite 947
Crystalshire, VI 56100"
Sabrina Sharp,tchen@example.org,001-617-833-6885,"02097 Wilkins Island
Millermouth, IA 89401"
Lortyjpj,hmoore@example.com,001-685-655-0523,"06353 Amanda Canyon
Heidiport, IN 76134"
Andre Mendoza,josborne@example.com,+1-308-234-8497x463,"6499 Amanda Villages Apt. 031
West Markberg, MA 84385"
Kimberly Mcbride,parklinda@example.com,+1-200-443-8839x6670,"10115 Michael Squares Apt. 958
Lake Crystalton, MH 56063"
Craig Chavez,andrew62@example.com,(361)537-2636,"595 Mitchell Lodge
Port Lindseyville, MT 67061"
Nathan Gregory,tcampbell@example.com,+1-370-833-2192x7269,"7210 Price Roads
Martinshire, DC 16087"
Aaron Johnson,richardhansen@example.com,464-800-8717x51737,"6022 Lindsey Causeway
Collinsshire, CO 94841"
Cynthia Singh,pattersonrhonda@example.com,001-744-272-8739x2241,"70500 Laura Hills
Marquezland, MD 51402"
Kevin Hernandez,hcohen@example.org,001-259-313-2891,"4046 Alexander Village Apt. 155
New Jasmine, ID 51929"
Jeremy Glass,samueldavis@example.org,001-604-232-6141x8708,"64745 Campbell Knoll
South Thomasbury, WA 19088"
Mr. Jeffrey Ingram,,+1-571-982-9205x176,"0920 Robertson Meadows
New Jessica, IA 75761"
Richard Floyd,brian71@example.com,(763)530-1630x8437,"064 Johnson Garden Suite 797
Brianburgh, AR 73056"
Kelly Clark,millerlisa@example.org,(627)619-4411x9079,"Unit 7395 Box 0858
DPO AP 66790"
Shannon Ryan,qcollins@example.net,,"6109 Mueller Divide
West Michael, NC 69837"
Shashfqz,kcarr@example.net,+1-714-887-3949x508,
Jefewqet,carol64@example.net,+1-827-896-0637,"984 Smith Ford Apt. 664
Jayburgh, ID 74600"
Jaime Jones,bakerkeith@example.org,,"Unit 7055 Box 5606
DPO AP 62551"
Catherine Myers,cclark@example.org,,"PSC 5173, Box 0796
APO AE 41344"
John Butler,,+1-473-556-6829x95106,"1925 Fisher Square Suite 457
Lake Dannyfort, IA 81540"
Steven Patterson,kimberly24@example.com,350-485-2588,"1129 Mills Inlet Apt. 239
Jasonmouth, NY 27800"
Jacjfldd,zgarcia@example.net,980.530.7166x770,"167 Austin Tunnel
Port Erinberg, KY 42232"
Kathleen Lee,,+1-389-424-1597x9910,"914 Brian Flat Apt. 388
South Kelly, IN 91920"
Gabriella Hendrix,emily25@example.com,890-358-5483,"3456 Caleb Prairie
East Alexandra, AS 43871"
Michael Powers,katherine77@example.com,8232973595,"Unit 6859 Box 0878
DPO AE 22064"
Dean Conrad,david78@example.org,001-232-913-5785x3440,"50402 Mayo Isle
North Lisaton, AK 55778"
Teresa Sullivan,bcruz@example.net,(592)818-6395x2819,"878 Katherine Cove
Lisaburgh, CO 82325"
Richard Jones,melissa66@example.net,001-829-666-9958,"179 Jeffery Ridge
Kristinchester, IL 54019"
Jontwfut,christopher34@example.net,518.568.7779x50049,"77351 Gregory Haven Suite 393
Gordonburgh, TN 97968"
Brianna Luna,brandon20@example.net,408-948-1398x4114,"314 Natalie Lodge Apt. 842
Williamstad, WY 82356"
Bradley Garcia,john38@example.net,+1-800-287-4007x694,"13128 Patterson Dale Suite 583
West Michael, UT 04820"
Gregory Watson,holmeskelsey@example.org,+1-897-360-4781x351,"7972 Fisher Islands
Sandraton, NJ 47750"
Steven Kemp,amanda08@example.org,344.488.8743x624,"7832 Murphy Throughway Apt. 073
Foleymouth, MT 34354"
Kenneth Werner,jessica26@example.org,(904)200-0071,"6761 Scott Radial
Garciafort, MA 29623"
Adam Anderson,jennifer81@example.net,6734261142,"807 Gina Skyway
Lewisburgh, VT 47385"
William Smith,flee@example.net,001-487-374-0407x1968,"71575 Bender Forks Suite 550
Ruizborough, MD 55499"
Erica Cook,scott35@example.net,832-702-8167x013,"Unit 8684 Box 5754
DPO AA 36004"
Tyler James,,(366)407-8140x3259,"6751 Joy Gateway Suite 557
Christinemouth, PR 35498"
Susan Haynes,beth94@example.com,942.278.2345,"808 Elliott Bridge Apt. 587
Stephenbury, IN 14740"
Valerie Clark,onixon@example.com,319.281.8170,"5416 Johnson Glen
Powellside, PW 96315"
Mictcdza,odelacruz@example.net,,"47723 Douglas Corners
West Darleneville, MP 48425"
John Graham,samanthamoreno@example.org,511.991.9530x348,"5150 Smith Mountains
New Codyfurt, NH 65552"
Laura Garcia,,882-462-2776,"USS Schmidt
FPO AE 24098"
Darrell Cook,john36@example.org,001-226-481-3613x1616,
Karina Rodriguez,tcook@example.com,9352185242,"815 Harrington Land Apt. 610
Spearsshire, VT 71398"
Erica Hudson,ramirezmichelle@example.com,857-376-2732x0548,"1863 Rodney Neck Apt. 195
Franktown, KS 72179"
Theresa Proctor,,824.939.2559x0104,"Unit 9252 Box 4550
DPO AE 15034"
Jessica Dominguez,rcompton@example.com,324-218-7634x029,"07327 William Flats Apt. 458
South Stephaniestad, FM 32706"
Caleb Martinez,,+1-528-780-9117x90840,"941 Mathis Spur Suite 348
West Stephanieshire, PR 22151"
Wayne Richardson,nielsenjessica@example.com,001-901-874-3566x6795,"02373 Aaron Wall
Caseyview, OK 41684"
Jenevccw,danielcortez@example.org,(272)911-7012,"420 Thomas Run Suite 413
New Tommystad, HI 67916"
David Austin,xramirez@example.com,460-936-9598x977,"88822 Cabrera Point Suite 966
Jonathanfurt, NH 17126"
Juafqsno,matthewwilliamson@example.org,,"341 Kristen Springs
Brianberg, AL 49393"
Gregory Smith,gloriamartinez@example.net,001-380-641-0641x771,"140 Thomas Isle
Antoniobury, AR 45507"
Julia Haney,robertsbrian@example.net,396-534-0471x503,"2880 Torres Shoals
Cynthiashire, TN 34876"
Christina Christian,,,
Leah Chang,mlong@example.org,+1-628-637-4516,"25094 Johnson Freeway
Johnsonland, DC 27079"
Scott Rojas,patrickwalker@example.net,+1-986-226-7098x62062,"09220 Carson Cove
New Daniel, IA 25650"
Debbie Holt,,,"9498 Dudley Shoal
Coleport, ID 58676"
Nathaniel Potter,uramirez@example.net,708.550.0763x493,"1426 Randy Dam
North Franciscobury, PW 19015"
Ronald Jones,,617-838-1808x7738,"6938 Jones Forest
North Kristenland, IA 55083"
Patrick Bowman,jeffshaw@example.com,(309)520-5098x86250,"PSC 9557, Box 9252
APO AE 13755"
Nicholas Reyes,davidleonard@example.com,530.385.0947,"673 Mary Views
West Alyssa, MP 78830"
Misoefze,jamesdeleon@example.net,(970)884-1334x5663,"64727 James River Suite 229
Schmidtville, CT 01859"
Susan Rogers,smithchase@example.org,,"587 Melissa Extension Apt. 957
Johnbury, ND 02895"
Benjamin Guzman,brittanyfox@example.org,+1-239-873-1309x3216,"Unit 9254 Box 2003
DPO AP 88572"
Patricia Mitchell,lauren52@example.com,+1-769-555-5531x74768,"Unit 1394 Box 0777
DPO AE 60653"
Jamie Salazar,sparksmichael@example.net,560.729.8425x90105,"82268 Adams Lane
East Roberttown, AR 23469"
Suzanne Carey,hsmith@example.net,+1-340-777-4131x545,"PSC 8615, Box 1153
APO AE 50805"
Kimberly Scott,leslieortiz@example.org,+1-640-334-1168x977,"847 William Oval Suite 660
Dorothymouth, DC 94450"
Dr. Harold Martinez,rodgerschristopher@example.com,(201)995-4250,"444 Smith Track Suite 898
Williambury, NE 14305"
Kyle Morris,wilsonjasmine@example.org,658.871.6431x0261,"916 Thomas Stravenue Suite 346
Christopherborough, AK 06162"
Mr. Roberto Hernandez,linjessica@example.com,(218)555-5587,"82103 Gutierrez Mall
Lake Ashleyville, CO 13105"
Kendra Poole,mli@example.net,+1-447-906-6691x153,"35038 Christopher Circle
West William, AR 71953"
Brandi Sanchez,reneealvarez@example.net,+1-965-354-6326x19929,"06912 Rodriguez Parkways Apt. 809
North Darinville, CO 34886"
Joshua Lewis,andrewdavila@example.com,462-510-7768x71644,"087 Collier Forge
Cookfort, ID 67304"
Amy Anderson,ellisjulie@example.org,,
Heather Rogers,donnawalker@example.net,(947)992-3564,"Unit 1411 Box 7943
DPO AE 23836"
Ashley Ross,hjames@example.com,+1-817-928-1900x79133,"5380 Shelly Island Apt. 944
Soniachester, FM 65029"
Caitlin Duffy,matthewbarrett@example.net,233-499-9704x5978,"64649 Stephen Forge
Port Joseph, KY 27002"
Nathan Cox,ewingrachael@example.net,+1-757-713-1916x537,"401 Palmer Fords
South Matthew, LA 54933"
Jennifer Hernandez,vjones@example.org,001-913-876-5036x47381,"Unit 8758 Box 8240
DPO AP 52372"
Carla Duncan,dshaw@example.net,+1-994-266-0433,"251 Marie Ramp Suite 023
North Amandamouth, MS 17522"
Jennifer Cardenas,nancyperez@example.com,5666009062,"9040 Briggs Circle Apt. 518
Carlosburgh, CA 64814"
Alexis Riley,kellyrose@example.net,(653)384-5392x050,"57203 Wilson Point
Jeffburgh, NJ 42802"
Michael Morgan,washingtonthomas@example.com,(471)810-5167x35563,"5130 Melissa Place Suite 301
New Erik, NH 32576"
Anthony Buchanan,austinblack@example.net,266-302-5809,"16982 Everett Club
South John, MN 35921"
Laura Colon DDS,hannah12@example.net,001-815-425-8581x871,"6391 Turner Haven
Garciashire, DC 44978"
Nicholas Newman,scott67@example.com,001-224-341-6570x4038,"01813 Charles Stream Apt. 143
Deckerborough, OR 55196"
Ryan Turner,,001-313-374-8785,"8621 Trevino Burg Suite 646
Susanborough, WY 54008"
Danupmpx,bsaunders@example.org,234.392.0929x8512,"4439 Taylor Springs Suite 298
Fosterfort, MS 24982"
James Dillon,jimmy90@example.com,355.463.2877x69285,"6470 Ann Wall Apt. 669
Port Julia, ID 22649"
Carmen Perez,ashley14@example.com,,"00104 Kirby Center
Robertmouth, VA 26671"
Kevin Hansen,andrea10@example.com,290.545.4644x87497,"06588 Powell Haven
Susanland, IL 55741"
Barbara Tate,rodneytaylor@example.com,818-236-0721,"9276 Fred Mews Apt. 307
Port William, NJ 83644"
Jason Wade,kristina64@example.net,944.824.1107,"312 David Summit Apt. 796
Gardnerchester, FL 75042"
Crylmjpn,calvin71@example.com,001-584-481-3653x03746,"40808 Andrew Fields Apt. 930
Petershaven, NV 11581"
Michael Duke,ianwagner@example.org,339-783-2984x85010,"83000 Carla Ports Apt. 466
Richardsontown, KS 19408"
Ashley Ryan,kwilliams@example.org,657.513.0862,"5858 Clarke Cove Apt. 351
West Eric, NE 85768"
Jessica Turner,andrea89@example.net,+1-642-356-1043,"75707 Burton Estates Suite 406
Angelamouth, UT 04064"
Beverly Murphy,david79@example.org,(619)238-1906,"19358 Beard Wells
North Danielstad, LA 46136"
Samydngp,rebecca85@example.net,,
Judy Jordan,hlee@example.com,001-417-314-1439x789,"53557 Hardy Neck Apt. 722
Escobarland, KY 65587"
Sophia Robinson,jmora@example.com,,"867 Farmer Points Suite 594
Adamtown, MS 96926"
Shari Jones,williamwhite@example.net,+1-997-639-6511,
Jillian Cooper,greenjohn@example.net,(237)244-4151,"9760 Daniel Fork Suite 511
Larryside, MS 52781"
Robin Wilkerson,christopher07@example.com,641.208.2437x746,"Unit 0565 Box 5827
DPO AA 93007"
Kaydielc,,(897)260-0277x689,"758 Underwood Dam
South Makaylaside, MD 41210"
Johcqrdh,williamhill@example.net,417.427.0966x74152,"55804 Johnson Passage Suite 452
Lake Terri, CO 84712"
Dr. Patrick Ferguson,jackgarcia@example.net,,"318 Davis Plain
New Emilychester, OH 91441"
Gregory Simon,bridgetestrada@example.com,(425)963-5146,"8790 Quinn Way Suite 371
Lake Rickyville, MD 24254"
Jerry Gay,reidchase@example.org,001-735-285-5482x8855,"7988 Maria Mill Apt. 014
East Jennastad, FL 99163"
Anthony Thomas,walkerteresa@example.net,+1-496-523-3492x07612,"0040 Heather Rapids Suite 424
East Ryanburgh, RI 44424"
Dana Davis,morgan06@example.net,985.809.2436,"81264 Baker Streets
Welchport, MT 77590"
Nicholas Wilson,hmorrison@example.net,(330)472-7719,"2333 Stephanie Burg Apt. 893
Port Juan, FL 57588"
Jefzvjtb,steven59@example.com,+1-748-953-0185x45847,"56177 Megan Underpass Suite 328
Adamshire, SC 39209"
Michael Lewis,,341-723-4346x2930,"PSC 7621, Box 8085
APO AE 41192"
David Kramer,,(554)511-9724,"8862 Ford Curve Suite 834
Mooreshire, PA 11070"
Brianna Mullen,reginald69@example.org,(823)594-9319x31770,"591 Graham Bridge
Lake Timothy, NC 76766"
Robert Hughes,carolinefigueroa@example.org,(641)854-0942x82636,
Cassandra Meyer,wendyharrison@example.com,,"2380 Edwards Avenue
Ellisonfurt, AL 46381"
Peter Gutierrez,julie54@example.net,(380)514-0888,"02162 Sarah Light Suite 355
West Kristin, ND 52821"
Sara Hernandez,daniel44@example.org,283.466.3040,
Nathan Faulkner,,886-335-4592x909,"69734 Wilson Valleys
West Bonnie, NE 78266"
Emily Holder,jeffery48@example.com,(464)954-9856,"826 Shawn Mountain
East Tony, IL 08108"
Hannah Nelson,,+1-269-855-7195x5964,"351 Ruth Cliffs
Stanleyberg, ME 47340"
Darius Anderson,marianelson@example.com,(571)640-4152x255,"974 Martinez Path
Lake Stephanie, MT 67531"
Brandy George,owensbrian@example.org,,"38272 Sherry Prairie Suite 807
West Tiffany, TX 85895"
Richard Morse,kathleen91@example.org,692.600.6787x947,"88629 Hunt Trail
Amandaland, AZ 70199"
Amy Donovan,christopherbrooks@example.net,380-725-1061x064,"0519 Baird Greens Apt. 145
Allenmouth, NC 52604"
Tina Ayala,cooperdawn@example.org,,"657 Donald Gateway Apt. 187
Darrellburgh, AL 36227"
Kristin Johnson,sanderstimothy@example.net,(871)605-1487x57216,"Unit 9445 Box 8215
DPO AE 72356"
Sheila Miles,randall88@example.net,(415)836-4037,"3897 Joseph Mountains
Isaacport, MH 07512"
Andrea Anderson,zmcdaniel@example.org,927.392.2355x9717,"5910 David Way
Jacobside, SD 80089"
Danny Schmidt,kingamanda@example.net,564-450-0559,"4163 Anthony Burg Suite 853
Williamsmouth, AS 78752"
Robert Evans,simmonsdanielle@example.com,(271)366-8727x543,
Brian Harmon,bobbyarcher@example.org,+1-782-565-9437x536,"7159 Kristen Shoals Suite 452
Mistyton, ME 12314"
Amy Herrera,,400-592-1099x0126,"9697 Phillips Viaduct
Port Christineview, NE 83926"
George Stephens,davidpaul@example.com,230-952-8073x774,"1095 Amber Ports
Harmonshire, KY 40198"
Richard Sanchez,amy92@example.com,(913)994-9708x2446,"8067 Francis Square
Durhamshire, ND 54841"
Jose Nunez,savagebrett@example.org,469-442-2435,"6747 Sarah Manor Apt. 779
Briannastad, HI 94658"
James Collins,boyerjean@example.net,+1-794-434-9251x747,"552 Miller Trace Suite 137
Rachelhaven, HI 09233"
Joseph Meyer,maryburke@example.org,418-311-6573x52188,"22352 Patricia Locks Suite 638
South Jeremiah, RI 85269"
Erica Nelson,scottjones@example.net,(503)914-0296,"932 Hudson Summit
Meyerview, WY 95077"
Leslie Farmer,vcummings@example.com,(732)449-3843x20974,"0278 Derek Vista
Lake Michael, LA 38357"
Donald Warren,jasminerubio@example.com,+1-532-622-7677x24741,"58132 Stephen Estate
Ewingmouth, WY 49376"
Jessica Martin,twalker@example.org,926.268.9976x93557,"397 Walker Isle
Port Joseph, AZ 30913"
Patricia Brown,rstewart@example.com,937-889-8665x683,"562 Miller Loaf
Jenniferborough, OK 27120"
Nattzhmi,james03@example.com,001-574-818-4269x330,"32519 Perez Rest
South Julian, UT 36761"
Colleen Gordon,ojones@example.org,(862)398-1198x052,"20483 Joseph Parks
New Erin, NH 11775"
Amanda Wolf,afields@example.com,267-352-9218x056,"8533 Roberts Prairie
North Suzanneberg, FM 92945"
Andrew Walter,samanthasantiago@example.com,,"841 Taylor Shoal
Lake Connie, KS 28635"
Eric Barron,caldwellmichael@example.net,001-533-545-7704,"100 Michelle Meadow
North Kiarahaven, VA 75525"
Judy Allen,glenntracy@example.org,001-917-311-9741x2076,"6954 Susan Ramp Apt. 216
Hallborough, AL 63586"
Jonathan Glenn,jerrywells@example.net,,"8223 Martin Junction
Hectorborough, IL 62821"
Adaoxhwh,nicholas05@example.org,439-404-2356x8679,"Unit 1049 Box 3555
DPO AA 15146"
Chelsea Lutz,srobertson@example.net,410-451-8987,"1613 Fletcher Crescent
Mendozastad, CA 81320"
Douglas Barton,blackburncheryl@example.org,684-741-9750x6544,"420 Vicki Forge Suite 515
New Laurieville, FM 55765"
Andrew Reed,mparker@example.net,(505)325-4838x484,"003 Martin Place Apt. 684
Port Stephanie, TN 42065"
Louis Garza,melissa59@example.org,001-303-583-4515x17600,"91769 Shawna River Apt. 069
Hamiltonview, DC 24758"
Jeanhfxj,ublair@example.org,232.304.4139,"22904 James Light Suite 293
Richardsport, WV 32389"
Thomas Humphrey,fred50@example.net,916-517-4191x33708,"99381 Jason Tunnel
New Matthewport, DC 96146"
Bobby Cervantes,ohamilton@example.org,315-411-4489,"PSC 1508, Box 3176
APO AE 49408"
Cameron Lopez,allen52@example.org,+1-334-419-5280x835,"427 Brown Motorway
Port Zachary, MP 86270"
Kelli Rowe MD,,(850)575-5069x28503,"PSC 2804, Box 9706
APO AA 23044"
Evelyn Harvey,,236-453-5000,
Steven Brown,iadams@example.org,436.281.5510x3706,"10809 David Orchard Suite 799
West Aaron, PR 12755"
Cheryl Chandler,wgreen@example.org,001-249-747-1355x18085,"658 Rubio Throughway
Cynthiaport, IL 37119"
Michelle Kelley,josephoconnell@example.com,(208)687-5541x06044,"7100 Jeremy Neck Apt. 153
Patriciaville, VA 13614"
Randy Armstrong,palmerross@example.com,+1-572-520-0395x6801,"756 David Crossing Suite 478
Christophershire, AK 53798"
Ronnie Lyons,melaniewilkins@example.org,001-846-511-7913x53551,"35254 Hunter Flats Suite 554
Port Williamport, ME 65517"
Natalie Stewart,pjackson@example.org,001-452-314-6183x2149,"75170 Tina Extensions
Jamesside, GU 81230"
Katherine Guerra,nlewis@example.org,716.645.7607x88203,"4200 Stephanie Terrace
Wandaland, KY 93482"
Amy Weeks,kylesmith@example.com,331.717.4257x743,
Julie Frank,lisacruz@example.net,(244)613-3486,
Johhluvl,usanders@example.com,(323)531-5674,"3755 Perkins Square
North Lisa, RI 66483"
Sarah Dominguez,hernandezallison@example.com,682.926.2504,"USS Williams
FPO AP 12496"
Kevin Robertson,tcisneros@example.org,(846)398-8623x089,"2133 Robert Extensions
North Ashleyshire, AK 70029"
Cassandra Pineda,steven87@example.org,885.893.5408,"9101 Johnson Stream Apt. 287
Jonesport, IA 59368"
Heather Ward,stacyhill@example.org,948-219-1795x622,"PSC 6150, Box 6145
APO AE 45880"
Barbara Skinner,zphillips@example.org,561-594-7833x941,"USS Friedman
FPO AA 65512"
Barbara Norton,letyler@example.com,6789370448,"04950 Alexis Greens
Lindsayfort, NM 67307"
Michelle Orozco,margaretlove@example.com,,"18923 Teresa Drive Suite 992
Hallfurt, NH 42135"
Teresa Calhoun,seanalvarez@example.org,(603)325-2272,"9656 Woods Isle
Dakotaside, AS 01672"
Angel Foster,ericdavis@example.com,798-893-8515x60371,"467 Gregory Way Suite 223
Martinbury, KS 85145"
Arilhbvf,hillrebecca@example.org,+1-915-312-0556x261,"4446 Walsh Passage
Brianbury, FL 29300"
Stacy Green,teresa44@example.com,(665)319-2054x876,"218 Joseph Circles Apt. 561
Wernerview, KY 89272"
Carol Flynn,joseph64@example.com,444.928.4668,"53984 Alicia Stravenue Suite 013
New Richard, NH 93004"
Paula Macias,bauersharon@example.com,+1-430-647-5681x10618,"USCGC Stephens
FPO AP 10433"
Janet Dixon,,898.510.6231x1735,"2288 Martinez Harbors
Pamelashire, TN 42388"
Brian Williamson,ericksonhannah@example.net,722.807.1378x832,"433 John Road
Rebeccaberg, UT 49803"
Daniel Mora,johnsonkaitlyn@example.net,(627)411-1526,"996 Heather Lake
Cindyborough, PR 10966"
Dustin Gonzalez,francisco32@example.org,675-540-1586,
Randy Turner,bethroman@example.com,+1-334-878-5849x088,"08824 Mays Creek
New Tammy, MH 28075"
David Dunn,rhayden@example.org,,"4811 Christina Tunnel Suite 264
Kennethshire, TN 38943"
Martin Powell,mauriceramos@example.net,469-515-3455,"39302 Johnson Wall Suite 386
Williamsonmouth, MP 15669"
Travis Thomas,harmonanthony@example.org,655-459-2864,
Amy Lawson,schroederchris@example.com,(873)769-9970,
Samuel Harris,haileysmith@example.org,(869)405-5900x85629,
Juswukkd,henryrodriguez@example.com,001-914-513-0905x991,"78385 Keith Fall Suite 400
Ryanland, TN 63013"
Sarah Wilson,jessicapacheco@example.net,,"PSC 5799, Box 4995
APO AP 28461"
Jamie Montgomery,umartin@example.org,001-759-358-5995x13849,"737 Smith Burg Apt. 080
Brandonville, ID 52702"
Deborah Caldwell,brentwilliams@example.net,918.238.9563,"020 Sims Spring
East Devin, VI 59110"
Jose Preston,,(371)650-0511x193,"9735 Gwendolyn Street
Blakeberg, AZ 47820"
Michael Palmer,murphykathryn@example.org,001-860-995-6677,"USNS Chavez
FPO AE 52555"
Ian Rivera,lisa29@example.com,2492577141,"72649 Brandon Lodge Suite 827
Clayside, VA 44505"
Seth Becker,ecooley@example.com,594-921-1549x3270,"572 Anthony Landing Suite 575
New Keithview, MP 85731"
Pamela Smith,lynn88@example.com,533-939-7171,"75543 Woods Rue Suite 981
Stoneview, GA 93423"
Joshua Ramirez,olong@example.com,482.400.8161x07955,"66229 Andrew Prairie
Knightchester, HI 78220"
Jasrwhhh,eperez@example.org,001-717-595-7178,"13514 Lopez Court Suite 925
West Brendaborough, NC 87178"
Luke Coleman,colinwashington@example.com,854.271.0822x353,"90855 Karen Fork
Johnsshire, IA 46428"
Jasmine Jennings,kgraves@example.org,822.950.4114,"7555 Knapp Ridges Apt. 334
Stephanieville, CT 39755"
James Roberson,kimberly96@example.net,+1-996-591-5852,"80752 Tyler Extension Suite 545
Colemouth, KY 59948"
Michael Henry,padillalinda@example.org,4223443231,"0137 Knox Highway Suite 768
East Cheyennechester, GU 72127"
Thomas Johnson,dodsondavid@example.com,,"USNV Madden
FPO AP 50698"
Gina Chapman,margaret49@example.com,7556656773,"7100 Maldonado Crossroad
South Glentown, MS 81097"
Sarah Dillon,sheilalopez@example.com,447-376-9067x71898,"76234 Rodriguez Ports Suite 047
New Nicole, KY 05739"
Lornspbg,matthewvazquez@example.net,,"25826 Carol View Suite 914
South Stephen, GU 61362"
Joseph Howard,,+1-365-867-0124,"85051 Alvarado Tunnel
South Charles, NJ 02299"
Joan Frost,josemarsh@example.net,+1-743-853-8112x07117,"083 Middleton Flats
East Madisonville, OR 73268"
Regbsspm,,844.861.5879,"826 Robin Plaza Suite 361
Lake Patriciaview, KS 94612"
Tara Strong,joshuabuchanan@example.com,583.415.0674,
Sherry Clark,cmoore@example.net,+1-929-490-1126x2315,"34699 Bruce Islands
East Angela, NJ 96935"
Heather Garcia,danieljackson@example.org,817.537.7222x267,"83056 Chandler Rest Apt. 438
West Stephenton, IA 71586"
Joshua Oliver,mjohnson@example.org,001-241-550-0564x7627,"1150 Avila Pike Suite 451
Walkerview, OR 84979"
Ricky Parsons,,9303604435,
Lisa Duarte,shawderek@example.net,797-661-3760x4758,"89225 Edwards Ports Suite 898
Grayburgh, KY 99685"
Curtis Ortiz,jonathanchristensen@example.net,(238)445-8792,"8130 James Land Suite 810
West Jeremystad, CT 22222"
William Price,richardhutchinson@example.net,504-819-9710x2042,
Ian Gibson,schaefermatthew@example.com,001-649-323-9551x245,"528 Vaughn Squares Suite 331
Wrightstad, DC 98139"
William Bauer,,439.501.6077x09051,"29165 Smith Alley Suite 027
Port Carrieville, NC 43612"
Sharon Rodriguez,hphillips@example.org,555-403-6026x1832,"11601 Matthew Stream Apt. 071
Proctorside, TN 94209"
Kara Williams,heather52@example.com,(523)236-8490x12999,"461 Jacobs Alley
Lake Edward, NV 18904"
Joseph Sparks,ejohnson@example.com,9272893357,"541 Jeffrey Falls Suite 541
East Maryshire, GA 56932"
Seth Ramsey,briana64@example.org,001-554-966-8646x024,"757 Pearson Trail
East Waltertown, CO 75130"
Charles Velazquez,mccarthyjustin@example.net,+1-878-579-6119x0518,"435 Alicia Landing Suite 825
North Victoria, NJ 32246"
Steven Meadows,blakemeyer@example.org,001-757-994-7065x628,"5151 Tran Stravenue Apt. 952
East Markshire, MT 12471"
Jason Hernandez,nathankim@example.org,001-998-841-7070x939,"8436 Parrish Islands
Bryanburgh, KS 47723"
Justin Smith,hannahwalsh@example.net,373.982.5532x155,"9587 Smith Ports
Jamestown, MH 90652"
Sandra Martinez,browntina@example.org,+1-617-596-7410,"52571 Green Falls
Daltonbury, FL 75162"
Michael George,fisherjustin@example.net,572-487-1889,"24156 Brown Flats Apt. 565
South Kristen, MA 99704"
Beth Elliott,jacquelinescott@example.net,,"8299 Smith Fords Apt. 695
North Whitneyberg, NE 57910"
Mrs. Amber Obrien,,(254)244-5642x14806,"186 Kristy Avenue Suite 146
North Mary, NM 24306"
Mikvsfdu,chadrichard@example.org,752.702.3716x0476,"7248 Perkins Ranch
Michaelborough, OR 53182"
Kenneth Gillespie,,316-806-7441x094,
Daryl Edwards,samantha76@example.org,305.358.7109,
Robzhqyw,jacksonjennifer@example.org,(324)250-2734,"55561 Lambert Burgs
East Rogerton, MN 43377"
Christine Moore,john84@example.org,(261)897-1898,"19227 Eduardo Mill
Weaverfort, MO 49296"
Darlene Rodriguez,dclark@example.org,985-842-5811x5559,"7571 Joseph Shoal Apt. 664
Port Michaelfort, ID 87296"
Robert Bowers,wfuentes@example.com,+1-956-794-1973x9046,"08021 Novak Squares Suite 646
Vanessaborough, CT 66300"
Troy Huang,tracyking@example.com,(445)241-6579,"965 Nguyen Camp Suite 358
Kaitlynfort, NY 35606"
Julie Davis,josephberger@example.net,900.490.1800,"92180 Laura Vista Apt. 551
Jonesside, IL 53189"
Shannon French,christine96@example.org,+1-336-947-1424x100,"8849 Brian Park
Sandersshire, IL 45081"
Jack Caldwell,jennifermitchell@example.org,+1-336-210-4797x824,"327 Moreno Skyway
West Robinshire, NH 67987"
Lawqxvqq,ibrady@example.net,+1-592-213-2288x015,"USNV Reed
FPO AE 69782"
Dana Fuller,rhodessarah@example.org,206-772-7692,"90533 Ashley Underpass Suite 035
New Jason, WV 71418"
Edwin Walton,tammy23@example.net,(643)278-9445,"8877 Jennifer Summit
North Sharon, WA 17971"
Rachel Oneal,stuartdawn@example.org,325.311.2540,"3700 Mary Isle
East Tammy, SC 34778"
Brian Davis,claudia00@example.org,,
Debra Stanley,fharris@example.org,5122761546,"7775 Amanda Parkway
Christianhaven, KS 38252"
Joseph Giles,amberreynolds@example.net,,"752 Costa Road Apt. 309
Karenstad, UT 99100"
Jennifer Jones,nicholasalvarez@example.com,001-403-510-2145,"3325 Kara Landing
Moodytown, TN 42765"
Robert Smith,ethanhensley@example.net,(601)945-3417x462,"USCGC Lozano
FPO AP 56713"
Kimberly Garrett,kathleen03@example.org,301-600-7522x09492,"524 Carolyn Gardens
Matthewtown, NV 92522"
Christy Allen,johnsonbradley@example.org,763.946.7423,"442 Cristian Oval Suite 442
Davidport, PA 71552"
Chad Hughes,gerald55@example.com,(662)662-4245x640,"Unit 0380 Box 0714
DPO AP 15906"
Lacey Mcdonald,bobby14@example.org,001-497-556-3110x20221,
April Bell,alicecarroll@example.org,001-677-494-9691x57743,"3254 Singh Curve Suite 849
Lake Michael, DC 39514"
Amy Holt,priscillarivera@example.org,7483517015,"0682 Alexander Skyway Suite 903
Hickmanbury, GU 84190"
Brian Beck,jason88@example.net,(541)525-3382x13461,"363 Sara Spur Suite 984
Howardborough, AL 79213"
Cody Rivera,mallen@example.net,523-631-9546,
Sarah Stewart,ochoafrank@example.com,+1-582-723-6816,"873 Snow Skyway
Monicaborough, ID 22481"
Arthur Bennett,qmack@example.com,613.631.7895x6667,
Melissa Whitehead,sgonzalez@example.com,001-294-805-7599x620,"300 Thomas Lights Apt. 117
North Leah, IA 76326"
Vickdliu,victorialloyd@example.org,(263)417-0791,"Unit 3535 Box 9696
DPO AA 66329"
Adrienne Richardson,tiffany01@example.com,,"576 James Prairie Suite 982
North Katie, MH 30606"
Kara Nichols,jasonbrown@example.com,403.846.1615x204,"57728 Haynes Harbors Suite 751
South Elizabethview, VI 14454"
Amber Richardson,kevin41@example.net,830-866-5994x63931,"620 Kelly Club Suite 963
West Amanda, RI 70342"
Timothy Roberts,stephaniejennings@example.net,,"USNV Craig
FPO AE 88051"
Pamela Anderson,kathleencrawford@example.com,+1-207-909-0305,"92789 Carlson Route Suite 800
Wongborough, NE 56279"
Angela Weeks,frankwarren@example.net,,"36145 Cole Canyon Suite 308
Brownmouth, MA 77634"
Sarah White,vcooper@example.org,+1-896-262-0499,"8667 Nicholas Plaza Suite 293
New Justinton, ME 35359"
Frazcjkr,huntershawn@example.org,(731)411-0922x78906,"182 Sampson River
Stevenside, VA 95770"
Bripuade,alyssa82@example.net,294-961-6795x01448,"077 Antonio Lodge
Thomasstad, IL 41141"
Natewlse,vhudson@example.org,,"4805 Garza Station Suite 721
Cathychester, VI 43327"
Mr. Robert Jones,katherine84@example.com,528-365-6625x20184,"Unit 0322 Box 1529
DPO AA 92735"
Michelle White,urichards@example.org,001-922-222-8181x33231,"979 Lewis Gateway
New Sydneyhaven, FM 72000"
Jenrnknf,harriswilliam@example.net,797.402.8089,"73426 Sexton Garden Suite 688
Port Jeffery, CT 34411"
Robert Bryan,julie94@example.org,653-213-0871,"0801 Katie Landing Suite 683
West Linda, MS 08997"
Jonathan Nicholson,diaznicole@example.org,,"573 Owens Port Apt. 659
Goodwinview, FM 57950"
Ms. Anna Hayden,parksdouglas@example.org,9912667824,
Coulexge,kathryn09@example.com,,"393 Quinn Cape
South Kimberlyview, NM 36313"
Brenda Brown,dawnrodgers@example.com,236.989.8833x11533,"16782 Jasmine Forks
East Wayne, AS 60935"
Susan Hernandez,susan36@example.org,,"3361 Rachel Port
Robertoton, ID 12837"
Jason Wagner,iaustin@example.org,+1-460-283-2172,"Unit 5818 Box 3941
DPO AP 68765"
Carjmstk,patricia16@example.com,001-817-563-8640x75747,"498 Frazier Port Suite 851
Norrisfurt, GA 32073"
Amy Whitney,marcus46@example.org,,"639 Kara Street
Jennifermouth, PR 25789"
Carrie Moore,dcontreras@example.com,+1-644-808-7540x46485,"7679 Rodriguez Knoll Apt. 576
West Stevenhaven, MN 56793"
Paula Casey,veronica77@example.com,+1-309-853-0267,"50418 Thompson Union
Stephanieton, CT 59965"
Jaime Duarte,brianowen@example.com,+1-675-492-3694x297,"99444 Avery Plaza Suite 763
East Vickieport, NC 13093"
Lori Nelson,,3429528414,"1118 Stephens Springs
Frostchester, MT 57311"
Mark Swanson,millermichael@example.net,955-672-7991x325,"440 Barajas Islands Apt. 295
East Kimberlyside, WY 67954"
Dale Howell,rachelochoa@example.net,(580)242-0501x1623,"79417 Roberts Orchard
Schmidtside, AL 12606"
Jacqueline Reid,vallen@example.com,+1-528-980-1595x143,"33393 Contreras Terrace Suite 244
Lake Adamview, IN 90437"
Heather Juarez,williamscynthia@example.com,,"5139 Alexander Isle Suite 355
Port Lisaberg, DC 52137"
Dr. Dylan Zuniga II,pamelamay@example.com,,"22187 Tamara Plaza
Port Jamesfort, NV 56885"
John Green,williamramos@example.com,599.690.7430x4783,"96740 Christine Locks
Cookborough, MD 87320"
Lynn Moore,,,"132 Stephanie Lake Apt. 680
Nicholastown, AZ 20216"
Cristina Gentry,hnorris@example.com,+1-340-523-8965x4407,"430 Davila View Apt. 347
Gibsonport, MS 60578"
Katherine Kennedy,,(357)913-7278x2370,
Christian Wilson,walkermelissa@example.com,(346)741-2222x722,"756 Mary Isle Suite 210
Simpsonchester, ID 85020"
Ms. Sheri Brown,monicanorris@example.com,7219820846,"Unit 0148 Box 2933
DPO AP 58880"
Daniel Bowman,amandajohnson@example.com,651-503-3851,"982 Woodard Station Suite 697
Brownfort, AZ 61524"
Jennifer Wilson,kyleevans@example.net,001-489-808-9380x3712,"86199 Brian Valleys Apt. 491
West Cynthia, HI 17009"
Stephen Fuentes,wardpenny@example.net,304.759.0438,"9071 Jordan Views Suite 562
Keithstad, CO 22201"
Stephanie Livingston,lauren41@example.net,540-679-8190x5115,"32081 Brewer Brooks
Annaborough, OR 15615"
Julie Cain,sheila54@example.com,001-210-841-3105x402,"0718 Smith Village Suite 571
Port Richardland, NC 31668"
Christina Rodriguez,stoneheidi@example.net,,"601 Jerry Manors Suite 179
North Norma, AL 97876"
Christopher Strong,alexander15@example.net,661-743-5674,"42227 Steven Circles
Lake Justinland, GU 76591"
Steven Ray,jeffery62@example.org,493.379.8955x8423,"7387 Long Mall
West Waynemouth, NH 42698"
Randy Howard,jacob18@example.org,,"455 Bennett Valleys
West Susan, WV 70931"
Gabrielle Sutton,christinalarsen@example.net,001-944-253-5389x40827,"27881 Courtney Hollow
Garyside, IL 99206"
Lauren Cole,stephenhardin@example.com,723.647.9480x48910,"PSC 5493, Box 3550
APO AE 31703"
Julcxdnc,kristyhill@example.org,(667)330-5568x6895,"84386 Weber Pine
Kaylafort, OR 48200"
Erica Scott,nicholasorr@example.net,+1-708-353-9591,"32860 Shepherd Island Suite 474
South Brent, IL 93745"
Kimberly Duran,christopherjohnson@example.com,674.745.9513,"PSC 9373, Box 3543
APO AE 59754"
Heather Thomas,simonryan@example.net,307-490-7447,"USNV Martinez
FPO AA 77549"
Alexandra Johnson,vcline@example.org,925.217.6499x620,"8171 Aguilar Creek Suite 467
East Rogerhaven, GU 38628"
Mrs. Stephanie Green,stewartjennifer@example.com,615.302.1139,"18986 Oconnor Track
Edwinport, PW 02122"
David Miller,ufrost@example.net,907.549.1645,"345 Johnson Heights
Obrienborough, MP 27699"
Jason Williams,zcox@example.org,791-393-4160x86455,"48412 Washington Trail Apt. 307
New Corey, WI 18903"
Adam Scott,michael15@example.com,001-755-339-6873x699,"5423 Moses Mall
Alejandroview, MP 71109"
Ana Strickland,millermartha@example.org,+1-576-648-2107x04596,"Unit 0361 Box 8095
DPO AE 94854"
Dr. Dawn Wood,anne73@example.net,+1-327-318-2346,"487 Logan Isle Suite 936
Levystad, AS 26330"
Dale Moore,nicole91@example.com,716.798.4188x31966,"439 Robin Crest Apt. 354
Morganport, AR 95910"
Juseiwch,,811-386-3678x07565,"56660 Christopher Park
Lake Andrew, AR 60645"
Lisa Stevens,jonathan19@example.net,576-418-0696,"692 Mccarthy Mews Apt. 265
East William, NH 88528"
John Torres,gcox@example.com,5844852116,
Michael Graves,meredith25@example.net,679.880.5946x313,"8431 Deanna Highway
South Willie, OH 61403"
Brian Armstrong,heather26@example.com,+1-663-777-7091,"4904 Suzanne Springs Suite 279
Robertsonchester, VA 31498"
Jamie Peterson,patricia46@example.com,001-608-521-3229x105,"8206 Kelley Terrace Apt. 608
Williamtown, TN 15936"
Kimberly Anderson,,,"945 Cooke Forks Apt. 008
Taylorshire, OK 27565"
Kent Chang,dcox@example.net,6493062195,
Robflqun,garciamarcus@example.net,,"0767 Barton Mountains
New Sarah, TX 84642"
Ronald Gutierrez,vpace@example.net,495.952.3313x83677,"212 Deanna Bypass
Maldonadoview, AZ 45233"
Kylie Williams,pnguyen@example.com,364-595-3290x003,"0486 Jacobs Circles Suite 264
Port Jeremy, IL 34079"
Brian Horn,ygutierrez@example.net,(373)349-9389,"33037 Livingston Points Apt. 943
Warechester, NH 16175"
Bonnie Brooks,colemanlisa@example.com,784-948-5456,"91357 Brooks Center Suite 648
Bradleyton, IN 26556"
Chrlvusy,amandachoi@example.org,8266780466,"61776 Paula Mews
South Judyside, UT 83689"
Jeanne Davis,juan20@example.org,,"72733 Ellis Mills
East Austin, KY 51566"
Patrick Kim,smithkathleen@example.net,+1-521-257-9692x654,"8577 Sullivan Fords Apt. 084
Thomaston, MH 37445"
Mislfgth,angelabrooks@example.org,(221)755-7167,"PSC 5771, Box 8258
APO AE 89788"
Carrie Gillespie,smedina@example.org,(399)704-6961x956,"4527 Moore Haven
North Josephport, PA 67586"
Krystal Wang,michael26@example.net,560.752.1919x98031,"6451 Patricia Land Apt. 006
Lake Laura, CO 59587"
Joseph Gonzalez,amanda97@example.org,220-591-5996x151,"80484 Catherine Springs
Paulshire, WI 28927"
Jeanne Dorsey,,8817880580,"92003 Davenport Loop
Lake Audreyfort, AK 57824"
Mrs. Melanie Evans,david46@example.org,001-916-462-4138x2586,"10638 Adkins Common
South Benjamin, OH 20849"
Mrs. Melissa Rodriguez,kennethwalker@example.net,742.261.8799,"496 Rowland Springs
Tammyton, FL 44310"
Chelsea Baker,michaelgreene@example.com,001-661-484-9481x1254,"3563 Carter Hill Apt. 677
Patrickfort, MD 45037"
Davurjlh,jacob77@example.net,(471)798-2780x176,"177 Brown Prairie Suite 451
Willismouth, PW 81530"
Katherine Wood,shawn67@example.org,494.525.7021x0637,"0242 Bailey Unions
Lisafort, KY 08124"
Rodney Weaver,dkeith@example.net,+1-221-737-0348x711,"140 Lance Way Apt. 003
East Kristinside, MP 09397"
Krijszra,floydedward@example.org,6596616262,"980 Justin Trafficway
North Jamesstad, DE 99127"
Danielle Bowman,operkins@example.net,001-612-544-2559x876,"240 Nathan Bridge Suite 077
New Rebecca, CA 41194"
Adriana Shepard,michelle21@example.com,590-877-1843x380,"51295 Ramos Run
North Eric, DC 96442"
Patrick Garcia,williamsjennifer@example.com,315-954-2860x1018,"956 Richard Field Apt. 335
Richbury, VA 55648"
Thomas Levine,mendozajames@example.net,987.255.1972x179,"1738 Michael Unions
Bellborough, CT 78480"
Christina Gilmore,amandavaldez@example.com,578.813.5648x5271,"53506 Sarah Station
Rodneyfort, CO 18446"
Walter Franklin,martincook@example.net,,"37810 Anita Terrace Suite 245
Port Williamstad, MP 71767"
Heather Taylor,kimberlyroberts@example.org,001-720-427-3996x07538,
Thomas Ramirez DDS,xboyd@example.com,+1-484-790-1414,"78778 Alvarez Station Suite 021
North Markport, MO 81898"
Rachel Jackson,pamela39@example.net,4134989048,
Joanna Adams MD,phillip18@example.org,(865)227-7013x689,"355 Mitchell Cliffs
East Tammy, AR 92839"
Craig Mejia,julie93@example.org,,"1750 Nguyen Heights Suite 948
Hicksmouth, MO 28085"
Patricia Bell,nicholasshaffer@example.org,300.374.5262x11335,"736 Mark Drives Suite 533
Kayleechester, AZ 51985"
Justin Harmon,loliver@example.net,(809)286-9760x346,"USCGC Johnson
FPO AA 53333"
Joel Smith,iholt@example.org,+1-333-276-9198x4838,"USNV Levine
FPO AP 77321"
Daniel Kelley,qowens@example.org,001-939-648-2184x088,"05136 Bradley Courts
Daniellemouth, NV 17323"
Kelsey Hale,sallyhaney@example.org,+1-885-948-8013x4123,
Brandon Lam,wrightjamie@example.net,,"870 Cherry Terrace
Richardsonfurt, NH 13388"
John Barrett,weekssteven@example.org,2139823663,"22511 Williams Road Suite 508
Stephanieview, MN 96076"
Jonathan Thompson,christopher38@example.org,6478613904,"6892 Jones Springs
Robertsbury, MI 77738"
Jordan Hernandez,mcbrideshari@example.com,001-342-740-8877x134,"665 Ford Land
West Brianview, WV 71535"
Jessica Marshall,grobinson@example.com,001-886-363-2718x14110,"377 Matthew Prairie Suite 240
Fordbury, ND 83210"
Megan Alvarez,townsendsarah@example.com,(692)280-4819,"3364 Warren Ports
Schwartzside, OH 08857"
Walter Allen,,654.662.3173x469,"964 Brown Loop Apt. 867
South Adammouth, IL 59629"
Leah Hardy,,(892)898-2293x439,"2659 Morales Heights Suite 141
East Kelly, WY 39155"
Aaron Schmidt,kathryn75@example.net,(723)712-7011x10214,"38487 Robertson Pass
Port Tracyburgh, KS 61732"
Nancy Sheppard,curtistammy@example.com,739.691.0191,"781 Kelley Radial Suite 514
Lake Curtis, AS 77779"
Eric Garcia,joshuagonzalez@example.net,737.253.4182,"648 Linda Cape Suite 562
Sanchezchester, DC 88128"
Daniel Phillips,,,"24258 Woods Inlet Apt. 869
Port Brandifort, NE 64656"
Howard Alvarado III,ortegathomas@example.org,928-299-2843x1068,"2605 Jack Knoll Suite 936
Jordanside, ND 27647"
Donald Carr,elizabethmorgan@example.net,863-822-8418,"107 Wright Shoal Apt. 485
Lauratown, KY 22872"
Denhjkhn,jrodriguez@example.net,302-555-3809x72853,"Unit 9887 Box 7095
DPO AP 64428"
Bradley Bennett,,(352)820-2803x177,"837 Gonzales Stravenue Apt. 658
East John, GU 26994"
Kenfigrz,jessicacarter@example.com,+1-705-835-3471x88295,"20955 Michelle Courts Suite 867
Adamsmouth, MA 20551"
Margaret Thomas,medinasabrina@example.com,6697491061,
Francisco Hicks,amanda79@example.org,+1-372-904-1766x692,"200 Andrew Pike Apt. 768
South Alex, PA 73499"
Kurt Carter,reedchristopher@example.net,+1-398-617-2939x53609,"15776 Holmes Plaza Suite 604
North Hannahtown, CT 62361"
Julie Dodson,sandra78@example.net,001-681-806-8264,
Robert May,tiffany91@example.org,753.429.8175,"3716 Maddox Points Suite 284
Crossborough, MS 35037"
Valerie Myers,ibaxter@example.net,358-747-6945x56521,"275 Kelsey Roads Apt. 813
Chadland, IL 02483"
Kristina Garner,baileyjon@example.com,(542)338-7820x4849,"Unit 8988 Box 1575
DPO AP 94460"
Ethan Ritter,rrivera@example.com,,"PSC 1361, Box 0069
APO AA 76872"
Jacob Green,rickyblair@example.net,,"006 Michelle Harbors
West Normaside, AR 12708"
Beth Hansen,davisjanice@example.net,+1-354-473-0761,"988 Riggs Lodge
West Zacharyville, PW 38837"
Aaron Stewart,pam40@example.net,,"PSC 0124, Box 6209
APO AP 20822"
Laura Crawford,mary23@example.com,001-920-966-3687,"8562 Barton Radial
South Glennton, WA 07725"
Jennifer Werner,ronnierandall@example.com,623-298-9614x815,
Megan Riley,,988.544.3229x349,"48185 Lisa Underpass
Karenshire, SC 71228"
Linda Gibson,kenneth94@example.org,2165395552,"88370 Danielle Flat Apt. 423
Juliefort, OH 01415"
Robin Price,nharrison@example.net,733-269-6134,"3998 Dorothy Courts
Johnfurt, KY 89301"
Christine Gonzalez,aliciadavis@example.com,+1-769-942-4221x751,"9340 Peterson Island Suite 891
West Lisabury, NE 46331"
Katherine Reynolds,brodriguez@example.net,001-797-620-4372,"465 Rebecca Brooks Suite 264
Dominguezfurt, AZ 91744"
Emily Henry,kknight@example.com,(348)849-3665x64797,"979 Kathy Walks
East Jimmy, DE 28648"
Jessica Smith,kjacobs@example.com,+1-675-803-2936x184,"838 Wood Mountain Apt. 299
Jonathanside, MS 54118"
Alex Lamb,ryan23@example.com,873.358.4783x132,"25641 Lewis Ridge
Copelandbury, RI 44339"
Christopher Parrish,dawsonmelissa@example.net,(322)700-3846x8071,"922 Sheri Roads Apt. 245
North Vanessaborough, PR 26455"
Sarah Nelson,maddoxjennifer@example.org,434-285-4696x324,"7797 Johnson Ridge
Gonzalezbury, DC 51359"
Jimmy Flores,heather26@example.org,+1-460-637-1149,"07125 Jones Pike Suite 268
Bauerhaven, FL 20553"
Wilykqux,kylejohnson@example.org,001-659-617-6468,"633 Jennifer Wall Suite 314
New Deborahmouth, PW 67392"
Ryan Summers,williamsjennifer@example.net,339.349.7714,"65901 Villanueva Haven
Osbornefurt, MO 43544"
Timothy Simmons,,293-590-5320x5405,"01315 Archer Run
Clarktown, SC 85291"
Michael Wiley,shawnrose@example.com,(350)937-6043x55186,"7856 Shelton Union Suite 057
New Victoria, MH 00519"
Sheri Chapman,buckchristopher@example.org,,"8192 James Plains Suite 754
New Luisside, ID 04048"
Matthew Garcia,haleyle@example.org,844.833.2873x8872,"USNS Perez
FPO AA 82407"
Tyler Davis,nancy13@example.com,339-223-0537,"3530 Amy Union
Tracichester, NH 97409"
Kylie Martin,jamesdavis@example.net,645-911-2493x97468,"556 Gregory Fall Suite 021
Williamsport, PW 29876"
Alexander Jimenez,wendyholloway@example.net,(959)562-5233,
James Hatfield,,001-351-809-3926x16092,"013 Kelly Mews
Port Joshuaton, NC 90524"
Renee Peterson,william06@example.com,325.562.0787x2977,"095 Lindsay Meadows
Rogersland, MN 49940"
Julie Murray,holly67@example.net,(454)513-8866x2764,"93252 Donna Parks Suite 627
Anthonyport, LA 81016"
Stephanie Kim,hthornton@example.org,773-799-6919x36963,"283 Natalie Locks
Evansside, VA 63321"
Pamjzjvs,renee43@example.com,+1-975-910-3389x56546,"4540 Fletcher Corners Apt. 827
Payneberg, WI 30899"
Christopher Butler,matthew61@example.net,688-630-3398,"632 Allison Prairie Apt. 676
Jamesville, NE 31207"
Samuel Ramsey,cherylmcclain@example.org,001-762-271-5495x029,"54704 Bowen Gateway Apt. 790
Hudsonberg, WI 83356"
Kayla Ellis,ehall@example.net,327.775.9449,
Rose Brown,ramseycole@example.net,,"1952 Martinez Knoll Suite 883
Mercadoburgh, NY 60112"
Scott Carpenter,heatherjennings@example.net,(330)778-3699x440,"32604 Williams Hills Suite 492
Lake Jessica, IA 87396"
Mark Mckee,daniel42@example.com,284.255.9074x65283,"USNS Alvarado
FPO AE 15885"
Dr.hgulw,amckinney@example.com,+1-869-753-4906x74008,"407 Turner Court Suite 654
Randybury, NE 12557"
Sean Holmes,rebecca67@example.net,2486910389,"327 Gary Lights Suite 525
Chadland, NH 42030"
Lucas Bond,ohiggins@example.org,001-360-475-0616x69331,"107 Todd Underpass
Bennettton, DC 59734"
Timothy Torres,evan08@example.org,001-758-729-4470,"280 Douglas Key Apt. 430
East Brianaview, NC 01683"
Caroline Nguyen,,(921)790-9675x84957,"872 Julia Extensions Suite 914
South Crystalfort, NC 44107"
Mark Stone,ebell@example.net,505-666-3368x6715,"728 Owen Isle Suite 514
South Joseph, FL 22029"
Gilbert Lara,,(970)217-7795,"51397 Harrington Ways
Donovanborough, OH 64192"
Natalie Gilbert,richard12@example.net,612-221-1139x24052,"79683 Flowers Locks Suite 492
East Richardville, CA 53772"
Norman Mccoy,melissa46@example.org,(552)829-0856x3731,"Unit 8592 Box 0236
DPO AE 24922"
Brenda Ramirez,davidsonjason@example.net,583.475.7548x977,"0688 Katie Mountains Apt. 967
East Paulmouth, KS 81956"
Theresa Gonzalez DDS,,001-504-803-5825x736,"Unit 9028 Box 6858
DPO AE 24882"
Tanner Owens,edward19@example.net,(795)222-7260,"USNS Jones
FPO AE 84160"
Cynthia Mcknight,,001-857-650-7936x7054,"76325 Montes Spurs Apt. 306
Kyleberg, SD 30596"
Kristy James,gregory62@example.net,849.910.6258,"076 Brenda Village
Jasonfort, IA 17510"
Joseph Downs,sstevens@example.org,205-604-3882x8309,"694 Eric Wells Suite 605
South Raymondshire, DC 18625"
Ashley Gross,castrochristopher@example.com,001-832-351-2337x9874,"53527 Smith Junctions
Port Stevenland, OK 38204"
Brian Martinez,saundersaaron@example.net,001-321-336-6417x228,"85617 Smith Row
Barnesborough, AL 16418"
David Ballard,jennifer57@example.com,001-215-597-2774x9046,"1507 Holland Station
South Daniellemouth, FL 91778"
James Brown,garciasandra@example.net,001-462-963-3920x016,"5225 Christopher Knolls Apt. 168
Tonyaton, DC 51663"
Matthew Matthews,lblackwell@example.com,786.572.0842,"574 Lori Overpass Apt. 896
South Lindashire, TX 88160"
Diane Reed,amanda39@example.net,(355)545-2793x108,"Unit 7611 Box 2182
DPO AA 10667"
Aarmlktp,karen34@example.com,(630)269-7123,"524 Darryl Shore Apt. 513
South Kellyhaven, WI 58500"
Cody Miller,bmartinez@example.org,6234459625,"4492 Dustin Hills Suite 663
Mcmillanland, MA 69691"
Jennifer Bryant,kelly82@example.org,,"4487 Faulkner Union
Debrashire, MH 41868"
Janet Miller,jessica43@example.net,+1-317-295-5639x26173,"14466 French Forest Suite 584
Medinaton, NJ 71803"
Ashley Gonzalez,alisha94@example.com,9005534799,"4097 Mullen Road Apt. 494
Jamesport, NV 55339"
Linda Walton,cynthiabullock@example.com,717-530-0299x336,
Jeremy Cross,arielpetty@example.com,,"9619 Fletcher Spring
Walterhaven, WA 74032"
Craig Howard,markwaters@example.net,511-698-6757x58105,"393 Webb Knolls Suite 018
East Stevenmouth, HI 56684"
Katherine Gray,swoods@example.com,001-698-497-8610x494,"403 Smith Stream
Port Michael, ME 19372"
Angie Bennett,alejandra06@example.net,(227)936-1872,"4671 Michael Road Apt. 364
Brandonstad, IL 38763"
Laura Meyers,,336-241-7800,"890 Perry Ferry
South Lindafort, TN 25347"
Melissa Campbell DVM,normanmelton@example.com,(844)338-3089x768,"704 Joshua Route Apt. 345
West Rachelland, LA 49714"
Sarwsxoo,kathypatton@example.net,(551)302-1928,"909 Yang Courts Apt. 291
East Amberburgh, TX 51081"
Corey Chapman,gwendolyn62@example.org,(628)988-3610,
Alexander Anderson,shelby81@example.net,001-208-533-9577x662,"35415 Hancock Parkways Apt. 066
West Edwin, NC 91341"
Danielle Patrick,,(947)976-2362,"USNV Good
FPO AP 19955"
Ashley Smith,gkoch@example.com,349.894.0468x37492,"PSC 5724, Box 3228
APO AA 28654"
Pamela Fischer,angela78@example.net,9772053706,"519 Paul Mill
South Michaelport, MD 44231"
Jamie Fox,mthompson@example.com,420-490-6698,"96656 Prince Place Apt. 657
Jacksonport, MP 14453"
Roger Goodwin,,,"0502 Elizabeth Freeway Suite 410
Brandonstad, PW 66732"
Michael Freeman,kimberlyedwards@example.com,583.219.3109,"Unit 8982 Box 4697
DPO AA 93653"
Joshua Vega,edwardlewis@example.com,001-477-337-9125x172,"413 Owens Brook Apt. 333
Hallstad, MT 83998"
Christie Lopez,bensonchristina@example.com,2045553866,"43700 Justin Haven Apt. 208
Veronicatown, IA 01544"
Joseph Galloway,amandasoto@example.net,(797)591-5395x995,"8816 Scott Parkways
Jaredchester, SC 39223"
Thomas Craig,wjones@example.org,+1-349-279-2255x455,"61038 Small Shoals
New Benjamin, OH 57144"
Brian Zimmerman,,264-816-0506x99811,
Tiffany Erickson,michaelramirez@example.com,642-512-7045x6567,"363 Jose Ports Suite 958
Port Louis, CA 71738"
Laura Stone,dixonbrandon@example.org,(752)772-6106x68699,"011 Sosa Trail Suite 311
Philipview, AS 51877"
Garpezno,sarahunt@example.net,721.422.6297,"9292 Kayla Islands Apt. 547
South Joshuaburgh, WA 25576"
Andrew Hamilton,fdavis@example.org,694.972.2366x8334,"9009 White Mountain
Lake Kellystad, VT 50823"
Andres Molina,,788.824.5991,"76293 Brady Shore Suite 910
North Bruceport, MO 10304"
Caruoqrw,johnnichols@example.net,476-781-3780,"653 Sullivan Viaduct
Stevensonside, VT 31426"
Francis Taylor,ocook@example.net,621-722-3451,"USNS Long
FPO AE 49374"
Jody Gomez,bobby66@example.com,872.656.3548x13699,
Cathy Campbell,carsonbrian@example.net,(619)597-4484,"0675 Nicole Glens
Williamshaven, ME 52996"
Megan Davila,johnsonlauren@example.net,915-464-5669x7704,"942 Walker Place Apt. 587
Johnview, MN 60346"
Phillip Price,xjohnson@example.net,2647316825,"PSC 3049, Box 6674
APO AE 25887"
Steve May,hudsonandrea@example.com,5073048282,"702 Miller Mills Apt. 225
Lake Julieshire, CT 97524"
Rodney Lucas,qhenderson@example.com,567-951-3907,"9242 Munoz Pass Suite 279
Moorefurt, MH 51580"
Daisy Bright,ogould@example.com,+1-815-957-5156,"00678 Campbell Walk
Lake Kathy, MD 45257"
Penny Coleman,obrennan@example.net,635.285.0925,"21767 Ashley Tunnel Apt. 060
Nicolefurt, AK 43380"
Ashley Guerrero,ddonovan@example.com,829-242-5145x35943,"9362 Andrew Wall
Simpsonburgh, IA 87744"
Matthew White,hhill@example.com,(590)283-6542x8862,"0312 Garza Lakes
South Kellymouth, WI 91869"
Debchizg,xhardy@example.net,507.574.1767x52363,"1727 Patrick Village
Allentown, TX 77054"
Cheyenne Wright,awillis@example.org,503.585.1670,"582 Garcia Groves
Keybury, VA 65105"
Amanda Sanders,reedchristina@example.net,,"75396 Kimberly Crossroad Apt. 626
Gregoryshire, RI 09739"
Christy Gomez,april33@example.com,3495572554,"52419 Paul Mountain Suite 994
West Kristen, CA 44254"
John Patel,wattsjohn@example.com,606.756.7429,"071 Brittany Avenue
Abbotthaven, NH 13561"
Laura Bentley,cory69@example.org,252-368-7645x54450,"5785 Emily Ridges
Brewerfort, MT 46845"
Marcus Murray,david43@example.org,+1-538-606-0797x32114,"342 Medina Mission Apt. 854
Jameshaven, OH 27781"
Brittany Mcpherson,bradley79@example.org,853.545.0463x82650,"144 Anthony Wall
Garybury, OH 35970"
Bailey Campbell,donna76@example.org,493.695.3456,"PSC 5593, Box 4108
APO AP 57310"
Mary Miller,khancock@example.com,545-514-1294x49535,"6467 Joanna Spring Apt. 095
West Staceyborough, WV 31751"
Christy Horne,osanchez@example.org,001-252-878-8670x57898,
April Meza,tiffanysandoval@example.com,669-823-9432x15658,"81159 Robert Gardens Apt. 094
Emmaland, WI 65208"
Jamie Hamilton,nicoleramirez@example.com,+1-660-813-5954x73953,"5085 Bradley Knoll
Lake Austin, NY 72808"
Samantha Smith,,001-552-723-0990,"8913 Nelson Neck Suite 243
East Travis, NJ 81125"
Mary Wilson,ikelley@example.com,,"943 Miller Mount Suite 844
Georgeberg, NC 60957"
Carrie Robles,talvarado@example.com,001-636-987-7323x579,"68706 Tiffany Isle Suite 863
Vincentstad, VA 37352"
Kimberly Neal,claytonkristen@example.net,001-400-532-6174,"978 Houston Way Suite 553
Johnsonmouth, NE 51068"
Richard Campbell,iharris@example.org,521.389.9089x0759,"7480 Boyer Skyway
West Christinaborough, MP 87339"
Michelle Weaver,christopher09@example.com,(431)243-0877x387,"278 Mckay Vista
Port Lori, VT 15831"
Susan Saunders,mariastevens@example.com,,
Maria Brown,twilson@example.com,217.270.1943x671,"82570 Knight Villages Suite 234
Lake Tamara, NY 77074"
Katowcen,nicolelyons@example.net,+1-419-937-7109x2495,"12360 Brittany Divide Apt. 320
West Aaron, MH 25240"
William Odom,ahuynh@example.org,316.669.2142,"13421 Lori Squares
North Amandaside, IA 42607"
Daniel Gibson,rhill@example.net,(412)948-5982,"364 Christian Via
Davidville, NY 79311"
Shawn Edwards,,,"86701 Klein Station
North Nicole, MN 50750"
Casey Alvarez,gomeznatalie@example.com,+1-658-700-7450x69993,"743 Alvarado Spring
Samanthafurt, AK 23026"
Jospdfoj,wwilliams@example.org,(771)276-3992x1561,"84107 Stephanie Spring Suite 018
Ellismouth, AL 97021"
Heather Roach,edwardsmichelle@example.com,624.977.5756x24473,"40571 Michael Courts Apt. 277
North Hannah, IA 17992"
Linda Hanson,john73@example.org,(911)609-6523,"000 Grant Walks Suite 415
Bennettton, VI 26706"
Misty Rowland,umcpherson@example.com,861.455.0531,"47331 Walker Crossing
New Nicholeport, CO 23591"
Tara Wong,christine01@example.com,749.479.6209,"69757 Martinez Parkway Apt. 663
Port Amyview, RI 98548"
Edwin Torres,,+1-300-283-6343x76368,"USNS Ortiz
FPO AE 81526"
Jacob Mills,hughesnathan@example.com,217-986-8963x3139,"698 Townsend Hill
New Allisonville, NV 00871"
Alicia Davis,ufloyd@example.org,626.557.8632,"082 Mclaughlin Fields
Bobbyview, LA 38202"
Dana Reid,bwood@example.net,001-995-358-7709x7735,"87058 Welch Ways
South Morgan, VI 34393"
Kristina Fox,rodney67@example.org,225-329-2064x34795,"495 Blair Shores
Alexandriaborough, VA 90663"
Jasmine Collins,briannarobinson@example.net,(396)390-4054,"USNS Hendricks
FPO AP 36609"
Sarah Murphy,samanthagonzalez@example.net,778-249-6498x557,"25290 Rodriguez Trail
New Garrett, GU 86472"
Cordyrqe,padillajennifer@example.net,341-840-1800,"3586 Horn Street Apt. 197
Brownhaven, OR 19786"
Beth Webb,john27@example.com,2233805263,"59638 Wolf Camp
Jamesshire, FM 92073"
Derek Phelps DVM,yruiz@example.net,8374161929,"2213 Paul Views Suite 227
New Samanthamouth, VI 72629"
William Leblanc,cynthiapage@example.org,,
Kelly James,zshepard@example.com,+1-833-841-2697x2814,
Kimberly Warner,juliajenkins@example.com,(831)598-3505x33734,"0952 Evans Walk Apt. 413
Port Paige, MO 74565"
Diane Jordan,corey28@example.com,(842)764-1221,"3091 Glenn Mount Suite 501
New Lisaberg, AS 19179"
Angelica Olson,phillipsisaiah@example.org,381-273-6523,"18678 Hensley Pass Suite 973
Wilsonberg, AK 15537"
Ana Horn,qlopez@example.com,(887)538-9698,"02785 Jill Roads Suite 050
Snyderville, AK 41616"
Ariana Bush,paulmejia@example.org,903-496-6150x2714,
Briana Hernandez,brittany33@example.net,396-812-8689x828,"676 Megan Oval
Ruizton, WI 08647"
Briana Davis,patricia24@example.com,3737229560,"35269 Anthony Pass
North Lori, KY 68401"
Tiffany Evans,natasharoberson@example.org,(918)461-7502x0755,"8934 Hannah Springs Apt. 585
South Shelly, OH 25309"
Donna Johnson,williamsnicholas@example.org,001-392-646-5022,"97159 Mann Inlet Apt. 281
North Natalie, FL 68738"
Marmqzha,amberandrews@example.com,+1-397-993-5376x438,"99549 Carolyn Mountains
Stevensfort, PR 89838"
Courtney Clark,john27@example.org,923.772.8099,"1961 Weaver Shoal Apt. 951
North Alexis, ND 61106"
Alejandra Tran,brettsanchez@example.com,6423746336,"USNS Miller
FPO AE 41685"
Tamvqlry,shirleyyoung@example.net,5999583118,"USS Mendoza
FPO AP 40898"
Thomas James,bill94@example.org,+1-341-836-2407x499,"8111 Benson Brooks
Leahland, HI 08410"
Frederick Rhodes,,766.346.5654,"317 Stewart Divide Apt. 521
Christopherstad, HI 60229"
Gregory Hill,uevans@example.org,(903)309-3738x39985,"074 Joseph Extension Suite 012
Stephanieside, FL 12142"
Pateyyjx,hansenjoanna@example.com,+1-886-574-4564x5913,"39940 Spencer Mountain Suite 293
Alvaradofort, NV 72862"
Jacob Mcdonald,everettrichard@example.com,+1-469-797-4461x342,"73171 Jessica Ferry Apt. 309
Brendachester, ND 31088"
Emily Mckenzie,frederick96@example.com,926-464-2573,"97068 Jackson Mountain
Michaelberg, IL 50794"
Amy Kelley,barrettaimee@example.org,648.986.5961,"796 John Green
West Andrea, TX 24910"
Valerie Hernandez,byrdmegan@example.org,(851)789-1466x812,
Jason Wright,mooreross@example.com,(860)752-8380,"9176 Shaffer Fords Apt. 694
Kelseyton, MP 78822"
Sarlevjy,hjones@example.net,001-571-707-7015,"6608 Brown Square
Port Arthur, WV 14359"
Michelle Collier,james41@example.org,(338)297-2672,"615 Mccarty Parks
Nathanmouth, AR 28321"
Christian Perez,dakota11@example.com,3798587668,"3822 Christine Lake Suite 540
Wrightburgh, NE 06619"
Michael Johnson,uhill@example.net,+1-391-380-5298,"3227 Caitlin Land Suite 823
Longmouth, WV 68386"
Susan Garcia,cathy61@example.net,(335)780-2602x3907,"596 Prince Trail Suite 522
Brianberg, NH 21376"
Christopher Crawford,jennifer68@example.net,(988)609-7792,
Joel Lopez,shafferthomas@example.org,,"677 Miller Landing Apt. 921
Danieltown, TX 31003"
Bradley Mosley,martinking@example.net,+1-376-659-6962x38796,"5813 Michael Hollow Apt. 499
Ruthton, UT 61702"
Keith Guzman,annawilson@example.net,817.871.8671x666,"01277 Robinson Throughway Apt. 319
Harrisonview, IA 37671"
James Washington,ashleymorse@example.org,7168710957,"81358 Hall Isle Apt. 136
South Kennethside, ID 07291"
Alfred Jones,christineperez@example.com,001-469-703-6811x6926,
Julie Kelly,mstuart@example.net,,"6490 Patrick Isle Apt. 516
Liuhaven, TN 93078"
Adam Rios,goodmanebony@example.com,(638)386-2370x6864,
Angela Hernandez,leslie29@example.net,8652041786,"PSC 8635, Box 3860
APO AA 69177"
Chris Young,lindajames@example.com,001-654-333-3028x242,"2623 Booker Inlet
Bentonshire, SC 89099"
Robert Lam,jeremydunn@example.net,489.742.2377,"3403 Jill Curve Apt. 894
Port David, MT 72376"
Martin Meyer,smithricky@example.org,272-471-7339x0074,"1237 Richardson Locks
Gregoryville, VT 98276"
Joshua Snyder,jessica16@example.org,001-750-763-7059x2766,"3588 Robert Prairie Apt. 441
Jessicamouth, PA 09292"
Andrea Cruz,melvin17@example.com,834-401-2932,"789 Ware Flat Apt. 403
Danielport, CO 93094"
